episode,reward
1,10.988336466165416
2,-53.291934523809516
3,-57.019999999999996
4,16.6515507518797
5,-189.10333333333332
6,-73.53696428571429
7,-152.69333333333333
8,-58.13000000000001
9,-216.75071428571434
10,-127.69125
11,-4.162499999999998
12,10.00594444444445
13,-20.947499999999998
14,-216.5266666666667
15,-60.91066666666667
16,-44.96333333333333
17,-50.816785714285714
18,9.076
19,8.007368421052636
20,-1.2385714285714293
21,-201.39333333333335
22,-99.94000000000003
23,8.927142857142861
24,19.52281015037594
25,-4.283333333333332
26,-58.2
27,-30.293684210526308
28,-41.40333333333333
29,-69.04999999999998
30,-50.79666666666665
31,-79.08333333333333
32,15.563500000000001
33,11.332857142857144
34,-29.376842105263158
35,18.538000000000004
36,17.56500000000001
37,12.500000000000007
38,3.8080000000000007
39,39.566
40,-77.49999999999999
41,17.71464285714286
42,-7.03
43,-65.43357142857145
44,-83.28999999999999
45,9.553888888888899
46,16.080000000000002
47,-4.278249999999997
48,-7.03
49,32.69
50,-40.79333333333333
51,-33.199999999999996
52,-62.43089285714285
53,-83.45
54,-22.40178947368421
55,11.499999999999993
56,49.102584586466165
57,14.922105263157889
58,26.686071428571427
59,5.926428571428573
60,3.3328571428571427
61,-76.0375
62,15.616428571428571
63,-14.724999999999994
64,24.419999999999998
65,-2.150000000000003
66,14.83
67,9.300000000000006
68,-33.95999999999999
69,-8.02
70,1.9528571428571428
71,41.22071428571429
72,-75.53666666666665
73,11.589928571428572
74,-47.23955555555555
75,15.594000000000001
76,-3.414999999999991
77,31.868809523809524
78,-14.737777777777772
79,6.312333333333335
80,-22.15555555555555
81,-16.559999999999995
82,9.860000000000003
83,-51.40821428571429
84,24.376666666666665
85,15.419285714285715
86,10.166666666666668
87,-111.14999999999998
88,18.362142857142857
89,-19.04055555555555
90,-73.62888888888887
91,-4.433333333333328
92,3.6980357142857105
93,-18.42366666666667
94,-7.69
95,-13.199473684210526
96,-0.8424210526315674
97,-2.2936842105263113
98,13.230666666666675
99,2.3500000000000005
100,-53.28232142857143
101,-111.91666666666666
102,19.28
103,-27.55383333333333
104,10.957684210526322
105,-96.78
106,3.1100000000000003
107,13.840000000000002
108,-2.618000000000002
109,36.42892857142857
110,-7.03
111,-73.12888888888888
112,-15.280000000000001
113,-52.28999999999999
114,-5.748214285714284
115,6.355
116,18.288
117,10.976
118,14.15
119,-7.03
120,-18.245263157894733
121,-94.00666666666666
122,14.770000000000001
123,5.564000000000005
124,-7.03
125,-2.483035714285715
126,-11.730631578947362
127,-6.758749999999998
128,10.677894736842099
129,-50.50214285714287
130,-9.008888888888889
131,16.207
132,-96.99555555555557
133,39.37339285714285
134,26.10785714285715
135,14.220357142857146
136,18.939333333333337
137,-7.03
138,-50.48000000000001
139,17.53821428571429
140,2.748888888888887
141,-84.57750000000001
142,-14.649999999999999
143,-16.053333333333335
144,-37.19666666666666
145,36.48516666666667
146,7.310166666666679
147,-5.333333333333331
148,-7.03
149,-1.9171428571428564
150,16.3
151,3.2864285714285737
152,4.977142857142857
153,14.920000000000002
154,1.1200000000000019
155,-123.07666666666665
156,-6.326666666666661
157,24.52142857142857
158,-59.926666666666655
159,35.54466666666667
160,-4.97284210526316
161,-61.78999999999997
162,-11.549999999999994
163,-26.477777777777774
164,-8.646666666666656
165,6.346666666666668
166,16.783333333333328
167,8.416
168,24.930000000000014
169,-7.03
170,-37.47333333333333
171,-48.41333333333333
172,8.657142857142858
173,10.731071428571433
174,-7.03
175,-11.799999999999997
176,-9.356666666666667
177,10.279777777777783
178,-12.67368421052631
179,14.83
180,11.76
181,20.817142857142855
182,19.190000000000005
183,-4.8566666666666745
184,-1.9591111111111004
185,-0.6542857142857139
186,0.4699999999999953
187,-5.909999999999999
188,-25.30666666666665
189,7.6933333333333325
190,-21.117777777777775
191,15.032222222222222
192,11.714333333333332
193,12.371428571428574
194,-13.066666666666661
195,-28.08
196,-16.246736842105257
197,14.903984962406023
198,-28.07
199,38.62783333333333
200,19.01894736842106
201,-30.903333333333336
202,14.850000000000001
203,24.313195488721814
204,1.1466666666666718
205,8.813333333333333
206,26.815789473684212
207,10.430833333333338
208,-21.81133333333333
209,17.199464285714285
210,-13.33111111111111
211,16.313392857142862
212,9.715
213,-37.33999999999999
214,16.93392857142857
215,-4.444999999999991
216,16.499833333333335
217,-17.824999999999996
218,-7.03
219,19.840000000000003
220,-2.723894736842098
221,12.52357142857143
222,-53.102222222222224
223,11.317666666666668
224,5.789999999999997
225,5.360000000000003
226,-37.3316111111111
227,-26.573333333333327
228,19.61763157894738
229,13.329000000000002
230,3.6499999999999986
231,-51.92999999999999
232,-7.579999999999993
233,27.977333333333334
234,3.8666666666666663
235,1.0512500000000016
236,14.364333333333333
237,26.374210526315785
238,2.1466666666666607
239,15.079313909774438
240,-73.52999999999997
241,6.258000000000001
242,-32.25111111111111
243,0.29999999999999627
244,13.720000000000002
245,8.704210526315787
246,-2.5
247,-7.03
248,1.9500000000000028
249,15.04750000000001
250,-24.163333333333327
251,3.299999999999997
252,5.156666666666662
253,-5.836666666666673
254,-67.40666666666662
255,-0.12088888888889393
256,-7.275000000000006
257,17.379229323308266
258,26.68999999999999
259,17.01513157894737
260,7.506666666666667
261,16.716333333333335
262,19.58613721804511
263,-31.269999999999985
264,9.930000000000007
265,16.43511111111112
266,36.772666666666666
267,-36.78333333333332
268,-15.930421052631567
269,19.822904135338344
270,-20.299999999999994
271,19.900000000000006
272,1.5333333333333519
273,20.61333333333333
274,39.0306015037594
275,0.5452631578947343
276,10.636666666666674
277,-20.788888888888874
278,-9.075000000000003
279,-7.69
280,-76.23666666666664
281,-13.09999999999999
282,-7.209285714285712
283,-18.000000000000007
284,14.474833333333336
285,10.405000000000001
286,-78.3633333333333
287,17.168035714285725
288,-28.22666666666667
289,-2.916666666666659
290,24.17
291,-43.95666666666666
292,-10.899999999999999
293,21.947857142857146
294,10.835388888888891
295,17.120000000000005
296,17.009473684210526
297,3.48736842105263
298,6.245263157894742
299,26.870000000000005
300,-78.52999999999997
301,3.8149999999999977
302,-6.2150000000000025
303,-72.02333333333333
304,11.614791666666669
305,-3.666666666666664
306,5.883833333333337
307,20.59231578947368
308,6.535
309,6.189333333333327
310,15.180178571428575
311,-47.489999999999995
312,-10.390000000000004
313,1.7094736842105238
314,6.885000000000004
315,-5.799999999999984
316,2.922142857142857
317,-7.03
318,-9.299999999999997
319,-16.33333333333332
320,-43.22999999999999
321,-21.88333333333333
322,-7.03
323,-7.03
324,4.4252631578947375
325,22.64333333333333
326,-21.883333333333326
327,-1.0999999999999948
328,-13.583157894736829
329,-12.522222222222222
330,1.8587499999999997
331,20.042791353383457
332,-10.84
333,-5.642142857142858
334,13.016666666666666
335,12.189417293233081
336,1.8444444444444579
337,-8.152678571428574
338,18.735166666666675
339,-10.100000000000001
340,16.403430451127832
341,-20.42999999999999
342,-0.1399999999999889
343,12.059088345864659
344,-10.10947368421052
345,2.283111111111113
346,10.098054511278207
347,6.394285714285712
348,-4.468928571428567
349,6.222857142857154
350,11.176250000000007
351,-7.599999999999997
352,13.233333333333334
353,1.3568888888888928
354,1.6575000000000024
355,13.491701127819553
356,15.000000000000007
357,23.08821428571429
358,7.2444444444444525
359,1.6831111111111179
360,4.262500000000003
361,0.5233333333333379
362,9.468578947368417
363,-7.91578947368421
364,18.240625000000026
365,8.645000000000007
366,6.7022222222222245
367,-6.09333333333334
368,5.559642857142865
369,5.200000000000009
370,-7.243333333333331
371,1.654
372,7.248333333333333
373,0.9143157894736844
374,-8.943333333333324
375,13.468333333333325
376,10.935777777777787
377,-2.23010526315789
378,14.746666666666668
379,0.8278947368421092
380,-0.31999999999999584
381,13.644736842105264
382,32.093333333333334
383,7.366000000000001
384,-4.44799999999998
385,-17.75333333333333
386,12.026333333333348
387,3.322166666666675
388,14.640714285714285
389,2.9107142857142874
390,-31.186666666666657
391,32.979553571428575
392,5.710000000000005
393,-1.4399999999999977
394,12.964821428571428
395,9.622142857142862
396,26.982202380952383
397,-9.846666666666668
398,7.280000000000013
399,6.434285714285715
400,-10.00533333333333
401,12.012086466165421
402,6.9991111111111275
403,17.962166666666675
404,4.8333333333333295
405,10.844578947368413
406,7.669285714285718
407,-8.348947368421051
408,8.717000000000002
409,8.55857142857143
410,6.591578947368419
411,-4.8614736842105195
412,-2.846842105263153
413,0.8442105263157931
414,-0.6983157894736838
415,-6.883333333333334
416,8.11
417,-16.436666666666667
418,12.817142857142859
419,13.894666666666666
420,-4.84736842105263
421,13.791785714285718
422,11.689999999999992
423,20.21148496240602
424,5.612499999999996
425,11.9725
426,7.546666666666671
427,-31.116666666666656
428,2.5385000000000018
429,3.191052631578948
430,-31.849999999999994
431,21.69333333333335
432,-0.5833333333333257
433,8.157142857142858
434,-7.36
435,6.345892857142861
436,22.128
437,23.77375
438,-11.400000000000002
439,7.102666666666667
440,9.539473684210531
441,-21.60666666666666
442,-6.903333333333332
443,4.265000000000004
444,-17.15955555555555
445,6.200526315789482
446,6.6764285714285725
447,-1.305999999999999
448,13.59716666666667
449,-1.053392857142856
450,10.096789473684218
451,14.083722222222228
452,13.820000000000014
453,12.687388888888893
454,12.453242481203006
455,11.159833333333339
456,-1.2284444444444498
457,10.075000000000005
458,11.333333333333343
459,7.428392857142856
460,16.116666666666678
461,15.326503759398502
462,10.115999999999996
463,18.90803571428572
464,12.399107142857147
465,-0.3071428571428545
466,-4.582105263157901
467,15.534732142857148
468,11.07401785714286
469,25.205178571428554
470,-5.633333333333334
471,-1.5319642857142854
472,25.35625000000001
473,-3.016388888888884
474,-19.523333333333326
475,9.182000000000002
476,5.6233333333333375
477,45.89589285714286
478,9.329595864661659
479,-22.236666666666665
480,10.376666666666672
481,-11.356842105263159
482,10.465
483,11.129285714285725
484,8.212857142857139
485,8.411111111111119
486,12.762666666666679
487,22.945357142857148
488,6.237857142857158
489,-3.9124210526315775
490,11.636000000000001
491,-7.258333333333332
492,-0.7999999999999847
493,3.900000000000002
494,4.364107142857148
495,9.144295112781958
496,-6.103333333333331
497,1.7166666666666694
498,-9.797321428571426
499,-22.92999999999999
500,-40.563333333333325
501,7.312631578947367
502,17.58199248120301
503,-22.355555555555547
504,-19.850000000000005
505,0.16355555555556345
506,6.499999999999998
507,3.6685714285714264
508,5.925000000000001
509,9.258000000000003
510,6.414791666666672
511,-12.684000000000001
512,6.460000000000007
513,1.4348214285714311
514,15.223054511278198
515,8.292646616541347
516,10.318482142857135
517,-17.004444444444445
518,-11.004999999999995
519,-1.54
520,-10.35
521,-15.573333333333323
522,-11.763111111111094
523,16.985714285714298
524,-4.485000000000001
525,0.799555555555556
526,-54.69666666666664
527,8.900000000000002
528,-14.880000000000003
529,-11.994999999999997
530,15.542312030075198
531,13.319368421052635
532,-22.78888888888888
533,-7.353333333333335
534,-28.736666666666654
535,1.874821428571436
536,-33.15555555555554
537,10.398105263157891
538,-23.82333333333333
539,-32.79999999999999
540,2.422222222222228
541,9.984642857142859
542,-4.833333333333326
543,12.080706766917292
544,-8.705000000000004
545,13.219000000000005
546,5.544444444444446
547,1.9333333333333353
548,1.2999999999999998
549,-48.96333333333333
550,2.0962500000000066
551,-5.361052631578956
552,-17.37071428571428
553,-21.036666666666658
554,-19.099999999999994
555,3.398768796992494
556,-51.54666666666663
557,-34.755
558,-5.140000000000009
559,7.806250000000003
560,18.025000000000002
561,5.414539473684209
562,-0.48888888888888804
563,9.564530075187964
564,-3.2399999999999967
565,-15.487111111111103
566,3.3526315789473724
567,8.899999999999999
568,11.480000000000002
569,2.4550000000000027
570,-22.95
571,-13.733333333333327
572,7.5693984962406
573,2.1000000000000005
574,-11.65666666666667
575,-23.486666666666668
576,-4.253684210526316
577,8.900000000000002
578,5.5084210526315776
579,5.979999999999995
580,-3.8600000000000074
581,2.404285714285717
582,-8.35
583,22.902946428571443
584,-3.2031578947368438
585,-1.5714285714285694
586,1.230000000000011
587,11.208421052631595
588,-13.562142857142858
589,-5.346611111111111
590,-26.62666666666664
591,10.785723684210527
592,11.412424812030075
593,-24.04777777777776
594,0.7375000000000034
595,4.049642857142874
596,0.8349999999999937
597,11.04
598,-20.60333333333331
599,18.135648496240606
600,13.965000000000003
601,-5.712499999999997
602,-18.959999999999997
603,-14.159999999999997
604,-0.15499999999999303
605,5.159999999999998
606,-12.493333333333336
607,-8.085333333333335
608,-7.655333333333328
609,19.08431547619048
610,10.785723684210527
611,-8.085333333333331
612,10.935722222222228
613,21.560500000000022
614,-9.210666666666661
615,-4.446666666666661
616,9.376666666666669
617,-1.2607142857142877
618,22.388035714285706
619,14.904666666666689
620,11.311535714285714
621,-5.065
622,13.81750000000001
623,13.424981203007516
624,7.767086466165414
625,19.343630952380977
626,5.900000000000002
627,1.8512500000000012
628,8.186666666666653
629,-2.4971428571428573
630,0.7075883458646608
631,-9.224999999999998
632,12.355714285714285
633,8.05
634,15.53783333333335
635,14.433303571428569
636,11.485892857142858
637,9.536666666666665
638,14.804285714285736
639,14.170000000000002
640,10.357999999999993
641,13.838571428571434
642,-5.593333333333333
643,2.5111111111111173
644,5.433333333333347
645,10.744888888888909
646,6.389999999999989
647,1.9633333333333338
648,16.69514097744361
649,20.00966666666667
650,8.422321428571424
651,7.197555555555548
652,15.618571428571446
653,4.023101503759402
654,12.852001879699245
655,16.46666666666668
656,12.390563909774432
657,10.862443609022565
658,10.581428571428575
659,-2.4588888888888807
660,12.22424812030075
661,12.300000000000013
662,-10.132000000000005
663,-13.640000000000008
664,-3.9853333333333216
665,2.92609022556391
666,-13.976666666666667
667,0.6643888888888889
668,-9.113333333333337
669,-3.5462222222222124
670,-4.104464285714281
671,10.340357142857131
672,-0.9693333333333288
673,15.386436090225573
674,-10.016444444444435
675,13.731339285714302
676,9.899999999999999
677,-4.180535714285709
678,-14.102222222222203
679,10.99334586466166
680,6.748839285714291
681,0.25368421052631573
682,-1.8555555555555536
683,11.25
684,4.200000000000008
685,16.68166666666666
686,9.720000000000004
687,11.315999999999999
688,0.5199999999999982
689,12.700526315789471
690,12.085333333333349
691,7.600000000000006
692,16.324285714285715
693,16.201333333333327
694,13.708124999999999
695,6.2902222222222415
696,13.454464285714291
697,21.610000000000017
698,6.518815789473686
699,10.886666666666674
700,12.085333333333342
701,20.13850000000001
702,14.350000000000023
703,1.108139097744358
704,13.483749999999997
705,24.626607142857146
706,13.709089285714299
707,13.057333333333348
708,3.760000000000007
709,17.79626785714287
710,-7.106666666666666
711,8.629285714285714
712,12.193345864661659
713,11.856428571428584
714,7.433333333333336
715,9.734999999999994
716,14.898666666666674
717,16.510999999999996
718,-10.132000000000009
719,0.3782222222222362
720,1.7575000000000047
721,26.46071428571429
722,14.438750000000011
723,12.866666666666664
724,5.0457312030075165
725,-7.156666666666683
726,-2.2266666666666577
727,-7.699999999999999
728,25.230357142857162
729,16.631944444444454
730,10.716000000000008
731,-11.5
732,-10.389999999999997
733,3.2468333333333286
734,21.12553571428572
735,3.106666666666677
736,9.500375939849611
737,5.7200000000000015
738,14.62803571428572
739,15.367857142857146
740,11.76488888888889
741,14.741250000000003
742,25.24208333333335
743,15.03571428571431
744,13.67205263157895
745,7.096428571428572
746,3.4875000000000114
747,9.581428571428573
748,7.788947368421055
749,14.848000000000017
750,11.311535714285714
751,3.667857142857148
752,6.559999999999998
753,8.643137218045108
754,12.9025
755,11.115722222222232
756,18.744999999999997
757,16.590666666666664
758,18.804944444444466
759,20.053333333333356
760,-13.556666666666668
761,9.972500000000004
762,5.7519999999999945
763,19.183035714285737
764,21.244614661654143
765,10.860526315789468
766,12.415
767,6.037767857142861
768,3.2271428571428604
769,1.783333333333334
770,17.66350000000002
771,8.081388888888895
772,4.493928571428578
773,24.15625
774,11.9225
775,13.880833333333339
776,11.693956766917289
777,11.780000000000008
778,10.58464285714286
779,11.823571428571434
780,4.6958947368421065
781,12.762105263157896
782,2.3833333333333444
783,17.00400000000001
784,14.199107142857148
785,15.113157894736851
786,5.1201785714285695
787,-1.7955555555555573
788,13.642631578947366
789,16.099910714285702
790,14.792142857142863
791,15.275714285714312
792,6.304421052631583
793,-3.6082142857142854
794,12.35464285714286
795,16.771250000000023
796,13.311353383458645
797,11.45982142857142
798,0.9303684210526288
799,23.148928571428584
800,7.854285714285717
801,6.969285714285724
802,15.422333333333352
803,7.476428571428578
804,10.100000000000009
805,2.5942857142857143
806,13.750000000000014
807,4.197500000000001
808,4.8544642857142914
809,12.957166666666659
810,0.5075555555555558
811,0.11991071428571498
812,-2.1298966165413526
813,10.246071428571433
814,-18.111111111111104
815,19.594666666666683
816,8.312000000000005
817,26.725922619047616
818,1.4533333333333536
819,4.218947368421052
820,16.739022556390985
821,12.668333333333347
822,10.858571428571436
823,18.796428571428574
824,7.542142857142864
825,7.121398809523809
826,2.6018796992481166
827,21.310000000000006
828,-5.902857142857144
829,4.038947368421046
830,10.731999999999985
831,8.981428571428577
832,5.245789473684213
833,-4.999999999999992
834,8.7575
835,8.3
836,-2.8777777777777778
837,10.349999999999987
838,12.035166666666669
839,13.500000000000002
840,-0.9666666666666602
841,6.623477443609025
842,15.719022556390978
843,-14.95
844,6.319999999999997
845,9.848148496240604
846,3.352857142857151
847,15.762857142857154
848,-7.166666666666667
849,5.952857142857147
850,16.838571428571452
851,13.701785714285716
852,-22.31999999999998
853,11.419285714285714
854,10.15150000000001
855,11.767894736842123
856,4.528005952380952
857,11.48577067669174
858,11.272669172932329
859,14.331578947368435
860,10.080112781954885
861,10.433214285714286
862,7.813052631578944
863,18.51266666666669
864,7.403571428571431
865,9.98303571428572
866,8.961333333333336
867,22.160500000000017
868,20.77414473684212
869,18.512666666666693
870,6.002678571428572
871,7.705479323308274
872,1.0998333333333346
873,20.53029761904761
874,17.345535714285734
875,3.3920000000000075
876,-3.231428571428566
877,1.6999999999999975
878,11.093956766917291
879,9.438571428571429
880,16.596267857142866
881,3.861071428571429
882,14.975357142857153
883,24.645892857142883
884,4.730000000000003
885,-9.459999999999997
886,10.508388888888895
887,1.6739444444444507
888,8.984140977443609
889,-8.618499999999994
890,12.466979323308266
891,-14.15666666666667
892,20.493333333333357
893,0.99244444444445
894,18.208833333333335
895,1.899999999999995
896,-3.933333333333331
897,15.215333333333351
898,2.1273684210526262
899,8.274888888888896
900,13.866964285714307
901,18.017593984962414
902,17.26625000000002
903,19.183035714285726
904,3.899999999999997
905,14.44430451127819
906,13.13750000000001
907,-15.760000000000002
908,10.382857142857144
909,1.0407142857142917
910,10.671819548872175
911,10.433214285714286
912,3.296766917293236
913,9.486071428571435
914,7.44955555555556
915,16.59626785714288
916,-3.000000000000001
917,4.75472222222223
918,5.751999999999998
919,0.44071428571428584
920,2.9307222222222373
921,2.0660714285714263
922,-10.83666666666667
923,2.2166666666666712
924,-8.085333333333335
925,4.599323308270673
926,-19.74444444444443
927,-16.288888888888888
928,13.012866541353384
929,4.130000000000023
930,-0.8799999999999972
931,3.0999999999999988
932,26.382202380952403
933,11.486666666666672
934,8.499999999999996
935,5.120178571428571
936,11.901631578947375
937,-3.365053571428571
938,-9.792111111111105
939,11.026503759398498
940,-4.235611111111104
941,5.151999999999998
942,-15.955555555555552
943,8.773611111111114
944,8.699999999999996
945,9.3
946,13.750000000000018
947,6.653333333333324
948,15.75535714285715
949,4.899999999999999
950,11.333333333333336
951,3.4008888888888897
952,-0.3000000000000025
953,12.49456766917293
954,13.864755639097746
955,14.298666666666687
956,-6.477777777777775
957,10.433214285714286
958,7.781607142857147
959,5.673333333333335
960,3.449642857142857
961,3.9675000000000002
962,5.1675
963,14.332857142857161
964,8.757500000000007
965,7.074285714285717
966,5.152
967,-3.713333333333327
968,8.436607142857145
969,6.202444444444451
970,20.474732142857167
971,5.300000000000001
972,4.500000000000009
973,-3.7431578947368367
974,11.300000000000004
975,10.589924812030079
976,9.515999999999998
977,14.186607142857149
978,7.5100000000000025
979,17.19626785714288
980,16.833303571428583
981,-11.866666666666667
982,-2.3089444444444367
983,5.099999999999998
984,1.796666666666666
985,6.528888888888896
986,1.4217857142857167
987,10.184140977443612
988,-0.5551111111111069
989,7.433333333333333
990,8.999999999999986
991,-5.805277777777773
992,15.965535714285702
993,4.857777777777778
994,0.8018796992481292
995,-9.19233333333333
996,15.03330357142859
997,-0.6521428571428513
998,6.823928571428576
999,6.5312631578947435
1000,3.1013333333333364
1001,14.432499999999994
1002,-1.7399999999999998
1003,0.6300000000000008
1004,14.418928571428598
1005,4.789473684210523
1006,11.035714285714292
1007,14.039166666666688
1008,5.94947368421053
1009,14.538214285714304
1010,12.060357142857143
1011,11.652333333333338
1012,3.868666666666668
1013,7.6499999999999995
1014,8.41305263157895
1015,8.915999999999997
1016,20.10732142857145
1017,-4.405624999999983
1018,14.904666666666689
1019,-0.5808333333333333
1020,3.268035714285717
1021,-3.9650535714285677
1022,18.450000000000017
1023,11.851166666666668
1024,9.219333333333335
1025,11.550333333333338
1026,10.1795
1027,13.74125
1028,4.666390977443614
1029,14.904666666666689
1030,-7.2600000000000025
1031,-2.9079999999999977
1032,14.120892857142866
1033,-1.7214285714285653
1034,7.037833333333347
1035,-3.608214285714285
1036,5.62333333333333
1037,2.0585714285714305
1038,8.415526315789473
1039,22.258267857142883
1040,13.622333333333351
1041,21.688749999999995
1042,-8.439999999999998
1043,2.8335555555555683
1044,-12.333333333333332
1045,0.21999999999999797
1046,12.94688909774435
1047,9.85988721804511
1048,11.851166666666668
1049,14.605333333333345
1050,1.2847368421052678
1051,4.600595238095242
1052,8.683928571428577
1053,20.31994047619049
1054,9.323214285714295
1055,14.655166666666677
1056,14.40062500000002
1057,8.299229323308271
1058,-9.713333333333338
1059,3.7252631578947364
1060,-0.5817857142857034
1061,11.311535714285714
1062,12.778947368421065
1063,12.85816666666668
1064,3.2430357142857122
1065,3.4916353383458665
1066,14.157333333333344
1067,4.616249999999999
1068,14.806428571428597
1069,15.504666666666683
1070,7.237333333333345
1071,-7.366666666666667
1072,11.071166666666663
1073,8.915999999999997
1074,4.579464285714285
1075,14.005333333333347
1076,2.5187500000000007
1077,6.220310150375948
1078,14.103166666666688
1079,3.8314285714285763
1080,11.836071428571437
1081,-4.327999999999999
1082,17.68683333333336
1083,11.9225
1084,8.518364661654132
1085,7.829631578947363
1086,10.232000000000003
1087,20.053333333333356
1088,5.152
1089,15.541276315789485
1090,-1.0207142857142828
1091,-8.366666666666667
1092,6.7726315789473786
1093,7.254285714285715
1094,15.44485902255639
1095,21.658267857142885
1096,16.88350000000002
1097,15.993833333333352
1098,16.71482142857143
1099,4.4828928571428595
1100,4.691250000000001
1101,13.325714285714263
1102,20.47473214285717
1103,-1.8417857142857068
1104,9.234684210526307
1105,13.666000000000015
1106,17.855535714285732
1107,-6.280666666666666
1108,16.993333333333357
1109,12.726114661654133
1110,11.422531954887216
1111,18.463666666666672
1112,-8.81644444444444
1113,11.877333333333336
1114,13.652922932330831
1115,3.8527777777777805
1116,15.325666666666692
1117,22.020000000000028
1118,18.510093984962406
1119,9.552894736842106
1120,-2.632857142857141
1121,-8.433333333333334
1122,21.146607142857125
1123,1.6102222222222187
1124,-8.152678571428567
1125,-14.433333333333323
1126,14.447333333333358
1127,5.533166666666668
1128,11.258571428571429
1129,9.486071428571439
1130,15.93107142857142
1131,-45.133388888888874
1132,10.305714285714288
1133,5.929473684210524
1134,11.329821428571414
1135,2.215111111111117
1136,22.338833333333344
1137,31.032142857142865
1138,2.2542857142857144
1139,-18.90222222222221
1140,15.018571428571448
1141,4.8010526315789415
1142,2.7499999999999982
1143,7.705479323308267
1144,4.73285714285715
1145,11.949144736842104
1146,11.416785714285723
1147,-14.333333333333336
1148,-2.833333333333332
1149,25.9717857142857
1150,4.130000000000014
1151,6.680000000000001
1152,15.018571428571445
1153,4.6778947368421
1154,11.300911654135337
1155,19.356663533834595
1156,13.040469924812022
1157,10.845666666666677
1158,20.577500000000008
1159,13.978947368421059
1160,7.7726315789473714
1161,12.502500000000008
1162,15.726833333333326
1163,-0.5666666666666522
1164,0.5000000000000018
1165,13.453166666666679
1166,6.668571428571429
1167,11.528759398496245
1168,9.0
1169,-6.833333333333335
1170,20.060000000000024
1171,6.611011904761903
1172,28.402
1173,8.05
1174,13.769166666666681
1175,8.044333333333341
1176,4.212857142857148
1177,-4.27157894736842
1178,12.19267857142857
1179,12.55875
1180,7.534642857142859
1181,8.171500000000005
1182,13.614333333333358
1183,10.342246240601497
1184,1.1586666666666678
1185,9.275000000000002
1186,11.276666666666674
1187,2.62428571428572
1188,-0.8999999999999985
1189,13.750000000000018
1190,9.444500000000005
1191,14.51473214285716
1192,1.9107142857142883
1193,10.708124999999999
1194,17.93816666666668
1195,-3.3000000000000016
1196,11.690000000000001
1197,5.924107142857148
1198,9.372321428571425
1199,-9.282222222222213
1200,7.430000000000006
1201,10.86666666666667
1202,21.436428571428586
1203,4.405166666666669
1204,7.353035714285714
1205,2.5857142857142854
1206,10.77950000000001
1207,-2.4830357142857125
1208,-6.299999999999998
1209,-4.170666666666661
1210,7.965333333333336
1211,4.7166666666666694
1212,2.726666666666663
1213,16.069500000000016
1214,1.5354464285714293
1215,12.015855263157896
1216,2.7312499999999984
1217,2.342499999999996
1218,0.14500000000000535
1219,2.9377777777777823
1220,8.318834586466167
1221,3.638749999999998
1222,16.519999999999992
1223,14.09821428571431
1224,21.197767857142868
1225,11.745714285714293
1226,3.041052631578947
1227,13.599107142857154
1228,6.896842105263157
1229,-5.626666666666666
1230,9.010357142857146
1231,14.447142857142882
1232,15.750666666666692
1233,9.196005639097747
1234,0.1999999999999993
1235,12.252666666666677
1236,5.727678571428574
1237,15.65000000000002
1238,5.594222222222223
1239,14.804285714285726
1240,16.473214285714313
1241,4.469285714285713
1242,13.502246240601508
1243,14.039166666666688
1244,9.48333333333333
1245,6.899999999999992
1246,-3.7065714285714266
1247,7.519285714285712
1248,11.900000000000006
1249,11.028035714285721
1250,6.1883928571428575
1251,-4.405624999999997
1252,1.9183333333333357
1253,13.530666666666683
1254,2.413571428571431
1255,22.955535714285734
1256,15.14483333333336
1257,19.78303571428572
1258,16.169285714285728
1259,-6.043684210526317
1260,12.683928571428583
1261,13.450666666666674
1262,5.843214285714285
1263,11.900000000000006
1264,13.924
1265,4.600595238095236
1266,17.130982142857167
1267,1.4220000000000024
1268,0.6607142857142847
1269,0.26071428571428656
1270,19.800000000000008
1271,15.098947368421053
1272,-6.643684210526316
1273,8.65157894736842
1274,-8.752678571428572
1275,0.5299999999999967
1276,22.767351190476216
1277,1.7399999999999984
1278,8.779947368421055
1279,1.8189473684210515
1280,3.6429464285714266
1281,-3.9650535714285677
1282,12.837166666666672
1283,12.973500000000012
1284,18.050000000000026
1285,11.486666666666665
1286,0.8678571428571455
1287,8.56125
1288,8.56625
1289,6.549436090225558
1290,1.4187499999999984
1291,6.060000000000001
1292,9.414999999999996
1293,21.94357142857143
1294,-1.2721052631578948
1295,4.600595238095239
1296,13.530666666666683
1297,16.463500000000025
1298,-8.657894736842106
1299,6.927678571428575
1300,8.511999999999997
1301,12.368214285714291
1302,14.433303571428588
1303,3.0725000000000007
1304,26.38220238095241
1305,6.130000000000002
1306,13.532222222222227
1307,14.321071428571443
1308,1.7971428571428598
1309,15.69785714285716
1310,-0.5592857142857139
1311,9.113333333333337
1312,3.4109821428571454
1313,4.128888888888899
1314,3.242857142857141
1315,16.28666666666669
1316,7.433333333333336
1317,15.124000000000013
1318,9.132589285714285
1319,-17.086666666666662
1320,16.029333333333362
1321,7.658035714285719
1322,8.652777777777779
1323,7.994666666666668
1324,-11.499999999999996
1325,5.713214285714284
1326,14.708000000000023
1327,-1.744642857142853
1328,13.390666666666682
1329,7.649999999999996
1330,5.843214285714285
1331,-2.083333333333332
1332,11.006666666666675
1333,9.732589285714287
1334,13.336666666666652
1335,14.413166666666687
1336,13.387857142857154
1337,15.433833333333357
1338,-6.4999999999999964
1339,3.3982142857142863
1340,2.1999999999999984
1341,4.8910714285714265
1342,4.954464285714287
1343,17.341250000000002
1344,29.74803571428572
1345,23.006607142857135
1346,13.445000000000007
1347,15.097857142857162
1348,-3.7999999999999994
1349,13.313888888888894
1350,16.358333333333345
1351,21.864285714285725
1352,1.711249999999997
1353,3.9982142857142877
1354,18.727659774436102
1355,10.763333333333335
1356,14.013214285714271
1357,10.529666666666671
1358,-10.866666666666667
1359,0.19821428571428612
1360,12.55
1361,13.82200000000002
1362,-10.26666666666667
1363,0.5833333333333321
1364,7.488839285714284
1365,21.195833333333358
1366,14.697166666666645
1367,22.09866666666666
1368,14.049166666666682
1369,8.606249999999996
1370,13.317767857142865
1371,-2.2052631578947386
1372,1.2257142857142842
1373,16.86600000000002
1374,12.019226190476193
1375,18.337500000000016
1376,7.095714285714284
1377,14.433303571428588
1378,9.022222222222222
1379,-0.069642857142858
1380,-1.3501597744360874
1381,12.82933333333333
1382,10.616000000000003
1383,11.028035714285718
1384,5.352857142857146
1385,13.361663533834594
1386,18.727659774436106
1387,17.306334586466185
1388,16.202086466165433
1389,-0.8500000000000011
1390,11.028035714285718
1391,3.242857142857151
1392,-4.917368421052635
1393,3.8777777777777933
1394,6.103333333333327
1395,-0.06964285714285312
1396,7.488839285714286
1397,4.766666666666672
1398,1.0130000000000035
1399,18.80616666666669
1400,-2.833333333333327
1401,13.737857142857163
1402,3.589999999999999
1403,20.218750000000025
1404,20.085178571428553
1405,11.464285714285715
1406,11.300000000000008
1407,-2.688888888888879
1408,11.298054511278206
1409,15.379586466165424
1410,-4.104999999999999
1411,9.7255
1412,1.2763888888888912
1413,13.540000000000013
1414,17.37517857142856
1415,13.11607142857143
1416,2.392444444444455
1417,6.266666666666668
1418,7.445000000000001
1419,7.433333333333345
1420,11.18216666666667
1421,11.006666666666675
1422,9.345777777777773
1423,19.737500000000022
1424,7.445000000000003
1425,9.139333333333333
1426,5.843214285714285
1427,11.006666666666668
1428,-1.778834586466166
1429,7.488839285714286
1430,14.195244360902265
1431,11.300000000000008
1432,12.308035714285715
1433,4.469285714285712
1434,-0.07571428571428473
1435,7.667142857142857
1436,2.7937499999999975
1437,13.822000000000017
1438,1.3314285714285692
1439,16.588833333333348
1440,14.806428571428597
1441,7.488839285714284
1442,18.061607142857156
1443,8.368000000000006
1444,15.75833333333335
1445,9.962406015037587
1446,7.19861111111113
1447,8.300000000000004
1448,11.028035714285721
1449,13.934285714285732
1450,12.094210526315791
1451,11.443571428571431
1452,13.451071428571446
1453,-1.22222222222222
1454,2.7266666666666657
1455,11.3
1456,4.722142857142857
1457,3.2428571428571518
1458,14.433303571428588
1459,15.180000000000025
1460,6.031999999999992
1461,-0.6678665413533891
1462,12.141833333333334
1463,-2.474999999999998
1464,-6.855789473684213
1465,1.3314285714285683
1466,22.02000000000003
1467,24.170982142857167
1468,12.7458630952381
1469,0.9794642857142879
1470,15.82605555555558
1471,14.413166666666687
1472,15.690714285714314
1473,20.319940476190503
1474,12.37157894736842
1475,-4.522222222222214
1476,11.006666666666668
1477,14.433303571428588
1478,3.3982142857142845
1479,9.946666666666658
1480,7.983660714285722
1481,21.18933333333335
1482,17.864031954887235
1483,7.488839285714284
1484,-4.179999999999997
1485,15.106055555555571
1486,3.877777777777779
1487,12.466666666666676
1488,19.810000000000027
1489,17.770892857142883
1490,17.435939849624074
1491,-12.933333333333334
1492,19.52883928571431
1493,7.268712406015031
1494,13.99066666666668
1495,19.716607142857168
1496,1.8257142857142874
1497,13.862142857142867
1498,18.253571428571444
1499,18.727659774436106
1500,14.283500000000014
1501,6.847387218045109
1502,5.852293233082708
1503,21.423928571428558
1504,14.418928571428594
1505,-4.317368421052635
1506,15.69071428571431
1507,0.5833333333333321
1508,4.8720000000000026
1509,10.763333333333335
1510,14.79533333333335
1511,14.157166666666646
1512,-8.439999999999998
1513,9.878515037593989
1514,1.25875
1515,0.7874999999999983
1516,-7.455789473684207
1517,13.952500000000022
1518,12.21983333333334
1519,23.556250000000023
1520,15.965000000000014
1521,13.192857142857154
1522,10.599999999999998
1523,13.952500000000018
1524,-5.736888888888886
1525,13.934285714285732
1526,16.391666666666687
1527,10.616
1528,8.953333333333337
1529,11.901954887218045
1530,0.583333333333333
1531,10.731607142857136
1532,20.418666666666645
1533,20.06000000000002
1534,13.379464285714281
1535,1.3314285714285683
1536,17.28732142857145
1537,8.466666666666661
1538,1.3314285714285683
1539,-4.300000000000005
1540,11.006666666666675
1541,13.899999999999995
1542,19.40616666666668
1543,11.182166666666667
1544,16.26658834586468
1545,11.300000000000004
1546,9.901785714285715
1547,14.32107142857145
1548,9.192941729323305
1549,3.799111111111114
1550,6.266666666666667
1551,9.31964285714286
1552,17.366722222222247
1553,5.2326315789473705
1554,9.078482142857144
1555,17.609953007518808
1556,16.689915413533846
1557,18.173750000000023
1558,11.000150375939846
1559,-6.453333333333332
1560,8.350000000000001
1561,8.3
1562,20.418666666666645
1563,8.299999999999997
1564,18.390000000000022
1565,12.466666666666676
1566,18.353750000000023
1567,16.925892857142873
1568,-1.300000000000002
1569,12.466666666666661
1570,5.254821428571431
1571,6.780930451127818
1572,23.556250000000023
1573,14.02933333333333
1574,4.065
1575,12.465178571428584
1576,8.815888888888912
1577,14.53466666666668
1578,10.40625
1579,4.299999999999998
1580,-9.900000000000002
1581,13.508035714285715
1582,2.0999999999999934
1583,16.358333333333356
1584,-3.643157894736838
1585,3.016666666666665
1586,-13.588888888888889
1587,9.806250000000006
1588,13.531666666666673
1589,0.48333333333333073
1590,1.5899999999999985
1591,-9.099999999999994
1592,7.0549999999999935
1593,-2.785000000000001
1594,3.400000000000013
1595,14.559464285714302
1596,-4.317368421052633
1597,21.66666666666669
1598,-11.777777777777779
1599,-0.6099999999999965
1600,1.9222222222222278
1601,-9.833333333333332
1602,11.501250000000013
1603,-2.9111111111111048
1604,-13.86666666666667
1605,-4.757777777777777
1606,-2.1555555555555577
1607,1.7199999999999989
1608,0.12222222222222001
1609,18.4199107142857
1610,2.2964444444444423
1611,10.955000000000009
1612,14.446666666666687
1613,13.951666666666672
1614,-2.3200000000000007
1615,0.05111111111111466
1616,1.100000000000001
1617,-17.97777777777777
1618,-4.633333333333333
1619,4.45535714285715
1620,-2.500000000000006
1621,2.440714285714286
1622,27.245178571428585
1623,7.300000000000002
1624,13.378825187969927
1625,5.051249999999997
1626,9.691249999999997
1627,7.598947368421057
1628,12.847833333333334
1629,7.4339285714285745
1630,14.29533333333335
1631,7.514736842105264
1632,10.600000000000009
1633,1.9000000000000012
1634,19.20017857142859
1635,13.914732142857144
1636,12.96522222222223
1637,-1.4066666666666654
1638,14.65625000000001
1639,-5.300000000000004
1640,4.56499999999999
1641,-5.7133333333333285
1642,-2.321333333333328
1643,2.588888888888886
1644,36.73375
1645,21.10288690476189
1646,6.053333333333339
1647,15.37848214285717
1648,16.43178571428574
1649,18.803750000000026
1650,7.02392857142858
1651,15.299398496240602
1652,9.203571428571426
1653,11.200000000000006
1654,5.629777777777787
1655,13.600000000000023
1656,8.824999999999996
1657,-6.3000000000000025
1658,24.170982142857167
1659,6.013035714285718
1660,15.749553571428592
1661,13.704107142857158
1662,32.1175
1663,3.4124444444444473
1664,13.926666666666668
1665,12.804333333333332
1666,9.577678571428567
1667,-31.256666666666664
1668,18.79821428571429
1669,3.636315789473675
1670,13.458666666666666
1671,-7.881333333333323
1672,17.69183333333334
1673,18.23178571428573
1674,11.677500000000004
1675,-4.623999999999994
1676,20.739196428571436
1677,-1.3499999999999948
1678,9.760000000000002
1679,7.268571428571431
1680,-13.949999999999998
1681,6.477453007518795
1682,8.121071428571426
1683,1.5224999999999946
1684,8.500000000000007
1685,8.99333333333334
1686,6.055357142857145
1687,13.934666666666683
1688,11.95111111111111
1689,21.931071428571446
1690,7.899999999999992
1691,-11.595000000000002
1692,7.6350000000000025
1693,12.316666666666684
1694,-0.4978947368421094
1695,-11.700000000000001
1696,10.96142857142857
1697,3.6166666666666654
1698,-8.564999999999996
1699,12.117333333333338
1700,2.8007142857142906
1701,1.6100000000000092
1702,13.902857142857144
1703,11.899999999999995
1704,19.450000000000017
1705,0.4999999999999991
1706,3.0999999999999988
1707,16.66499999999999
1708,22.953684210526312
1709,-1.6642857142857164
1710,16.720833333333328
1711,21.860000000000007
1712,18.65249999999999
1713,2.4999999999999964
1714,21.78892857142858
1715,9.200500000000002
1716,10.733333333333334
1717,7.333333333333333
1718,-9.882222222222214
1719,4.088888888888891
1720,15.608333333333325
1721,6.5999999999999925
1722,-4.559999999999997
1723,-10.500000000000007
1724,9.096444444444458
1725,12.0225
1726,13.701954887218037
1727,16.70516666666666
1728,5.816000000000002
1729,10.440000000000008
1730,9.487857142857145
1731,4.5977678571428635
1732,13.302678571428576
1733,17.1783552631579
1734,13.97214285714286
1735,13.522666666666666
1736,25.662946428571452
1737,9.299999999999997
1738,17.250000000000025
1739,19.81400000000002
1740,-3.530000000000004
1741,11.060000000000016
1742,12.711339285714292
1743,13.833333333333343
1744,8.840000000000003
1745,2.8391111111111087
1746,0.8555555555555605
1747,14.125000000000018
1748,15.386666666666681
1749,12.700000000000014
1750,20.502886904761887
1751,12.094210526315784
1752,17.58166666666667
1753,13.750000000000018
1754,15.902086466165422
1755,18.73035714285716
1756,18.59499999999998
1757,13.245535714285712
1758,6.2999999999999945
1759,16.617857142857144
1760,6.665333333333357
1761,9.13933333333333
1762,16.883214285714274
1763,6.910000000000008
1764,14.172208646616543
1765,11.100000000000005
1766,20.24803571428573
1767,13.750000000000018
1768,22.62000000000003
1769,12.429285714285715
1770,-1.163749999999998
1771,12.015999999999998
1772,22.241964285714282
1773,10.996071428571437
1774,1.2448888888888967
1775,22.42196428571428
1776,22.46660714285713
1777,4.716666666666664
1778,7.661607142857144
1779,21.32660714285712
1780,23.580000000000002
1781,6.5213988095238085
1782,13.876666666666669
1783,17.096654135338355
1784,-3.9464285714285703
1785,24.17098214285717
1786,11.419642857142854
1787,16.757368421052636
1788,8.019595864661657
1789,19.328833333333336
1790,8.899999999999999
1791,22.368214285714288
1792,13.502166666666664
1793,8.270333333333351
1794,10.933214285714286
1795,24.170982142857174
1796,19.92765977443609
1797,13.015714285714289
1798,11.072000000000017
1799,6.266666666666667
1800,11.298054511278192
1801,15.827885338345865
1802,7.488839285714282
1803,20.20687030075188
1804,5.244000000000004
1805,2.515714285714286
1806,18.25383333333333
1807,6.0306666666666695
1808,10.52000000000001
1809,4.513611111111099
1810,11.557166666666664
1811,16.34400000000002
1812,22.345733082706772
1813,8.797767857142858
1814,12.299999999999997
1815,19.62339285714288
1816,24.77098214285716
1817,6.62785714285715
1818,12.534210526315793
1819,12.413054511278206
1820,13.311339285714286
1821,15.74570488721805
1822,21.783928571428557
1823,20.86821428571428
1824,16.912499999999984
1825,8.797767857142858
1826,13.233333333333352
1827,-8.733333333333334
1828,10.650000000000002
1829,4.407500000000007
1830,8.460333333333335
1831,7.21494444444444
1832,12.466666666666676
1833,13.822000000000017
1834,-10.699999999999992
1835,13.137666666666679
1836,14.022666666666673
1837,15.134166666666687
1838,16.058333333333316
1839,14.935000000000002
1840,4.246666666666658
1841,2.0999999999999996
1842,24.64208333333335
1843,21.651889097744363
1844,11.595944444444427
1845,17.916249999999984
1846,13.651166666666686
1847,-6.229464285714291
1848,4.646666666666666
1849,2.6300000000000034
1850,8.930666666666667
1851,24.770982142857157
1852,23.46392857142858
1853,6.73714285714287
1854,-0.19285714285714306
1855,13.57
1856,0.5833333333333321
1857,15.685666666666679
1858,4.413333333333333
1859,11.028035714285714
1860,13.424999999999997
1861,-2.2900000000000054
1862,4.675789473684215
1863,13.412000000000017
1864,12.06214285714287
1865,19.466166666666645
1866,7.049473684210533
1867,9.134666666666654
1868,3.953333333333334
1869,14.293166666666675
1870,10.616000000000014
1871,16.862946428571455
1872,8.899999999999999
1873,8.42666666666668
1874,16.46666666666669
1875,11.528571428571432
1876,11.631428571428586
1877,-0.10000000000000542
1878,9.383571428571432
1879,15.7730357142857
1880,-1.1000000000000005
1881,10.728000000000002
1882,12.630714285714294
1883,-0.49999999999999634
1884,15.989285714285717
1885,-2.7111111111111077
1886,5.24243421052632
1887,6.75684210526316
1888,12.035166666666676
1889,0.2302222222222321
1890,12.088571428571434
1891,14.486666666666682
1892,18.713303571428575
1893,4.889999999999999
1894,7.226250000000006
1895,-12.556666666666665
1896,-5.3
1897,-3.660888888888886
1898,12.094666666666672
1899,8.68333333333334
1900,7.510780075187964
1901,7.535999999999997
1902,3.53333333333335
1903,6.024375000000007
1904,17.639910714285705
1905,-6.178571428571431
1906,8.033333333333335
1907,15.510178571428572
1908,-1.5368703007518816
1909,7.335111111111124
1910,8.103157894736835
1911,9.482666666666674
1912,-1.4628571428571449
1913,18.310197368421058
1914,2.600000000000003
1915,14.839910714285688
1916,10.06133333333333
1917,12.829333333333338
1918,12.735714285714288
1919,18.041099624060152
1920,1.8800000000000008
1921,12.601333333333343
1922,13.309624060150378
1923,18.52716666666669
1924,18.86732142857145
1925,18.780178571428593
1926,12.997333333333348
1927,18.631339285714283
1928,7.698571428571426
1929,14.418928571428594
1930,9.111999999999998
1931,6.0110119047619035
1932,14.357321428571442
1933,15.69071428571431
1934,15.055272556390992
1935,-2.4573684210526303
1936,9.965385338345872
1937,15.041607142857119
1938,8.928928571428571
1939,1.899999999999996
1940,19.56533834586467
1941,8.113684210526323
1942,18.05000000000001
1943,14.211428571428588
1944,7.0733333333333315
1945,18.72028195488723
1946,14.803129699248128
1947,18.727659774436106
1948,5.939999999999981
1949,15.685666666666688
1950,15.08566666666669
1951,7.6985714285714275
1952,5.397857142857144
1953,12.466666666666661
1954,8.853684210526318
1955,5.504107142857147
1956,18.300000000000022
1957,18.780178571428593
1958,9.766666666666655
1959,12.622666666666678
1960,4.883333333333332
1961,12.700000000000003
1962,16.23857142857145
1963,8.582105263157892
1964,9.908035714285717
1965,10.661333333333332
1966,13.540000000000013
1967,7.187000000000006
1968,18.868900375939866
1969,14.293333333333333
1970,14.53250000000002
1971,13.309624060150373
1972,17.736249999999988
1973,17.45116541353385
1974,11.432000000000002
1975,4.883333333333332
1976,1.5566666666666595
1977,3.5333333333333323
1978,7.183333333333345
1979,12.664755639097748
1980,4.8720000000000026
1981,8.088000000000008
1982,11.013571428571428
1983,7.768000000000002
1984,14.148928571428588
1985,7.672218045112781
1986,15.221607142857126
1987,8.221428571428575
1988,19.07250000000002
1989,4.8720000000000026
1990,17.0999107142857
1991,16.065545112781972
1992,18.45133928571428
1993,16.072321428571456
1994,13.203468045112778
1995,-6.213333333333345
1996,12.664755639097752
1997,-3.5466666666666713
1998,12.603468045112788
1999,0.09333333333332838
2000,10.750892857142869
2001,-3.5466666666666713
2002,1.465000000000007
2003,-3.480888888888878
2004,6.440921052631585
2005,18.600178571428593
2006,-0.0989285714285586
2007,-3.232857142857143
2008,-8.955111111111105
2009,12.92533834586466
2010,-4.157321428571429
2011,7.211015037593978
2012,13.344642857142855
2013,-3.339111111111108
2014,12.96346804511279
2015,5.813333333333323
2016,0.7492857142857163
2017,13.344642857142865
2018,-13.827999999999992
2019,0.981428571428574
2020,-0.09999999999998455
2021,6.430178571428578
2022,1.6262222222222205
2023,-2.024999999999996
2024,6.599464285714288
2025,0.4185714285714388
2026,-1.5186666666666704
2027,9.73234022556391
2028,-4.157321428571427
2029,7.211015037593984
2030,-13.249055555555554
2031,7.2110150375939925
2032,4.181973684210527
2033,11.266666666666662
2034,-8.984444444444438
2035,10.638364661654142
2036,-9.492142857142852
2037,1.0699999999999896
2038,13.563468045112781
2039,14.839910714285688
2040,0.6701785714285728
2041,0.5600000000000014
2042,7.211015037593989
2043,-4.896842105263161
2044,15.739910714285697
2045,7.811015037593983
2046,1.899999999999996
2047,7.0733333333333315
2048,6.919999999999983
2049,-9.054999999999998
2050,7.211015037593982
2051,8.899999999999999
2052,15.867838345864666
2053,5.136278195488722
2054,-2.6249999999999964
2055,10.486666666666668
2056,15.08566666666669
2057,-4.757321428571428
2058,11.30091165413534
2059,15.770000000000024
2060,13.931833333333321
2061,14.92043233082708
2062,16.238571428571454
2063,10.750892857142865
2064,4.599999999999995
2065,19.262988721804525
2066,-2.833333333333332
2067,17.690000000000023
2068,10.232000000000014
2069,10.184285714285714
2070,-1.907999999999995
2071,13.069999999999975
2072,-1.8307142857142866
2073,0.3166666666666762
2074,13.835357142857163
2075,13.233333333333352
2076,14.498355263157908
2077,10.200000000000003
2078,15.69071428571431
2079,14.714166666666689
2080,12.906833333333315
2081,4.091250000000001
2082,13.362857142857155
2083,18.564530075187985
2084,11.160902255639101
2085,13.751833333333314
2086,7.5920555555555636
2087,15.316666666666691
2088,10.600000000000001
2089,19.262988721804522
2090,13.806833333333328
2091,15.69071428571431
2092,19.862988721804523
2093,18.82394736842107
2094,-5.833333333333336
2095,15.950000000000024
2096,5.523496240601511
2097,11.910714285714285
2098,19.810000000000027
2099,14.885714285714311
2100,15.690714285714307
2101,13.570000000000014
2102,12.748333333333346
2103,11.879999999999999
2104,14.115000000000016
2105,5.6968421052631575
2106,10.232000000000003
2107,3.2907142857142864
2108,13.570000000000007
2109,11.30091165413534
2110,14.53250000000002
2111,25.38517857142856
2112,10.232000000000014
2113,18.780178571428593
2114,13.16833333333335
2115,4.091250000000001
2116,14.53250000000002
2117,12.603468045112784
2118,12.748333333333349
2119,18.56453007518798
2120,15.750666666666692
2121,19.017631578947384
2122,7.211015037593985
2123,13.390666666666679
2124,-13.816666666666666
2125,16.23857142857145
2126,15.685666666666684
2127,15.770000000000024
2128,10.232000000000003
2129,20.085178571428553
2130,18.56453007518799
2131,14.885714285714307
2132,17.16785714285713
2133,18.56453007518798
2134,16.665545112781974
2135,16.67232142857145
2136,14.53250000000002
2137,18.8546666666667
2138,12.603468045112784
2139,-0.28333333333333044
2140,-4.057777777777774
2141,12.603468045112784
2142,3.960714285714287
2143,15.9199107142857
2144,4.553333333333313
2145,11.364833333333333
2146,19.90517857142855
2147,20.085178571428553
2148,18.564530075187985
2149,12.603468045112784
2150,15.189333333333355
2151,15.95000000000002
2152,1.9000000000000012
2153,13.203468045112785
2154,15.267838345864678
2155,15.132500000000018
2156,16.072321428571456
2157,-4.057777777777769
2158,13.344642857142869
2159,11.013571428571428
2160,16.431785714285738
2161,10.232000000000003
2162,14.53250000000002
2163,13.233333333333352
2164,10.332340225563907
2165,9.965385338345865
2166,1.8000000000000016
2167,19.891339285714306
2168,8.90666666666667
2169,10.232000000000003
2170,6.812055555555559
2171,19.725178571428547
2172,15.569125939849634
2173,10.006428571428579
2174,19.90517857142855
2175,14.410000000000021
2176,13.344642857142865
2177,13.344642857142862
2178,1.6262222222222311
2179,10.750892857142873
2180,5.982142857142857
2181,4.582142857142858
2182,3.500000000000001
2183,5.1966666666666566
2184,9.597857142857151
2185,7.0733333333333315
2186,3.960714285714288
2187,12.60346804511278
2188,2.3126315789473777
2189,15.019910714285691
2190,7.279999999999986
2191,13.84375000000001
2192,3.4999999999999973
2193,10.888571428571446
2194,-12.808444444444437
2195,-3.4808888888888814
2196,15.770000000000024
2197,15.558482142857162
2198,-3.480888888888878
2199,1.9699999999999998
2200,-4.4600000000000115
2201,6.661428571428574
2202,12.60346804511278
2203,17.55624999999998
2204,14.295333333333353
2205,13.570000000000018
2206,15.199910714285695
2207,15.019910714285691
2208,8.98142857142858
2209,7.733721804511275
2210,10.191080827067665
2211,13.344642857142862
2212,13.344642857142865
2213,10.232000000000003
2214,16.886071428571444
2215,11.86666666666666
2216,3.4999999999999956
2217,14.96912593984963
2218,-2.833333333333332
2219,4.536278195488722
2220,12.603468045112784
2221,16.530982142857173
2222,8.291428571428579
2223,4.413333333333328
2224,8.439877819548865
2225,15.221607142857122
2226,16.072321428571453
2227,10.232000000000003
2228,16.072321428571456
2229,1.9000000000000012
2230,16.860666666666692
2231,7.266666666666667
2232,10.616000000000003
2233,13.540000000000017
2234,12.829333333333349
2235,10.232000000000003
2236,10.061333333333348
2237,13.800000000000018
2238,15.267838345864678
2239,15.293333333333358
2240,17.051833333333345
2241,15.780357142857161
2242,7.433333333333333
2243,17.793750000000014
2244,4.480000000000001
2245,13.233333333333352
2246,8.72666666666667
2247,20.68517857142855
2248,11.160902255639098
2249,1.50094444444444
2250,15.04178571428574
2251,13.309624060150377
2252,15.82605555555558
2253,21.66666666666669
2254,11.300911654135351
2255,-1.6217777777777669
2256,20.2853195488722
2257,4.317777777777777
2258,15.204511278195504
2259,9.365385338345867
2260,14.53250000000002
2261,14.11500000000002
2262,13.800000000000008
2263,8.600000000000005
2264,11.300000000000008
2265,15.032857142857164
2266,13.516964285714291
2267,21.326607142857128
2268,11.013571428571446
2269,14.53250000000002
2270,16.818750000000016
2271,19.725178571428547
2272,4.413333333333333
2273,19.11428571428573
2274,13.914732142857154
2275,16.106666666666687
2276,16.473214285714313
2277,13.344642857142865
2278,13.776388888888892
2279,-3.7666666666666604
2280,11.85428571428572
2281,12.7
2282,20.625178571428556
2283,7.378055555555556
2284,2.625535714285708
2285,15.78933333333335
2286,12.906833333333315
2287,16.866071428571445
2288,19.91666666666667
2289,11.3
2290,2.9693333333333483
2291,-0.6949999999999965
2292,20.03499999999999
2293,12.90267857142857
2294,11.374732142857148
2295,20.596428571428596
2296,20.322886904761884
2297,14.86150000000002
2298,20.80517857142856
2299,15.402666666666693
2300,5.912055555555551
2301,16.473214285714313
2302,21.32660714285712
2303,18.155046992481214
2304,13.738947368421062
2305,15.04178571428574
2306,16.121071428571412
2307,13.233333333333352
2308,22.12053571428573
2309,19.31964285714287
2310,13.260526315789484
2311,-15.610000000000003
2312,9.834821428571438
2313,-1.1449999999999991
2314,18.996983082706777
2315,17.247321428571443
2316,9.837500000000002
2317,16.121071428571415
2318,14.115000000000016
2319,15.316666666666691
2320,18.56453007518799
2321,15.996833333333344
2322,15.032857142857164
2323,16.072321428571456
2324,12.693214285714308
2325,16.072321428571456
2326,15.041607142857119
2327,19.6701127819549
2328,11.802166666666682
2329,14.80312969924813
2330,17.021607142857157
2331,18.82394736842107
2332,17.193928571428593
2333,18.56453007518798
2334,15.189333333333359
2335,14.73250000000002
2336,-13.816666666666666
2337,10.733888888888895
2338,2.0409444444444453
2339,13.233333333333352
2340,-3.8555555555555507
2341,4.874736842105263
2342,10.750892857142858
2343,4.874736842105267
2344,6.7377777777777785
2345,6.299999999999995
2346,19.5313392857143
2347,8.152444444444434
2348,14.482406015037611
2349,11.885333333333339
2350,2.7566666666666544
2351,12.050676691729322
2352,4.110526315789474
2353,10.572142857142858
2354,3.5400000000000036
2355,18.99133928571429
2356,6.024375000000004
2357,3.845535714285713
2358,19.891339285714306
2359,5.990000000000017
2360,18.527166666666695
2361,0.1599999999999957
2362,1.700000000000001
2363,10.126666666666662
2364,15.636833333333334
2365,13.393242481203007
2366,17.813166666666692
2367,10.750892857142862
2368,13.570000000000007
2369,13.231166666666677
2370,24.84517857142856
2371,18.99133928571429
2372,14.619666666666689
2373,3.3778333333333412
2374,16.072321428571456
2375,10.006428571428572
2376,1.863975563909774
2377,9.151388888888903
2378,21.50660714285713
2379,16.860666666666692
2380,19.725178571428547
2381,2.4009444444444483
2382,18.85466666666669
2383,14.486666666666675
2384,18.56453007518799
2385,3.799999999999998
2386,15.590000000000021
2387,15.650892857142875
2388,13.934285714285732
2389,20.28531954887219
2390,9.365385338345867
2391,16.79
2392,10.750892857142862
2393,6.990000000000006
2394,8.9290507518797
2395,8.928000000000004
2396,16.072321428571456
2397,15.401607142857126
2398,14.000777777777795
2399,15.019910714285691
2400,17.37624999999998
2401,13.625892857142873
2402,19.90517857142855
2403,16.07232142857145
2404,16.43178571428574
2405,3.4999999999999956
2406,9.046666666666653
2407,19.648035714285736
2408,1.2999999999999958
2409,7.253333333333333
2410,6.499999999999999
2411,14.231944444444473
2412,8.627142857142864
2413,19.90517857142855
2414,19.725178571428547
2415,4.299999999999995
2416,8.776785714285719
2417,15.851785714285729
2418,18.31466666666668
2419,20.07133928571431
2420,15.2045112781955
2421,11.160902255639098
2422,14.773333333333333
2423,5.1966666666666566
2424,5.990000000000019
2425,11.160902255639098
2426,9.334765037593993
2427,11.160902255639098
2428,14.393333333333334
2429,4.874736842105263
2430,10.558666666666682
2431,20.725892857142878
2432,13.751833333333314
2433,15.690714285714314
2434,7.965263157894735
2435,20.725892857142878
2436,20.725892857142878
2437,20.725892857142874
2438,19.96914473684212
2439,19.96914473684212
2440,10.046222222222223
2441,-0.28333333333333044
2442,14.861500000000017
2443,11.294666666666672
2444,20.2853195488722
2445,20.72589285714287
2446,16.66107142857143
2447,19.96914473684212
2448,19.13499999999999
2449,8.700892857142865
2450,7.694444444444471
2451,16.47321428571431
2452,15.475000000000021
2453,3.799999999999998
2454,-1.8307142857142866
2455,18.868900375939862
2456,8.063214285714285
2457,13.751833333333318
2458,16.81875000000002
2459,15.779166666666686
2460,16.473214285714313
2461,17.17732142857145
2462,15.666588345864675
2463,13.625892857142876
2464,12.000000000000004
2465,18.414999999999978
2466,14.13750000000001
2467,2.3099999999999987
2468,1.2999999999999963
2469,17.698333333333313
2470,7.296249999999998
2471,-4.017857142857142
2472,-5.999999999999985
2473,6.916666666666663
2474,5.740000000000003
2475,0.4844444444444429
2476,-4.811111111111107
2477,6.916666666666678
2478,7.296249999999998
2479,11.294666666666675
2480,0.125
2481,-0.2902222222222183
2482,0.125
2483,7.29625
2484,-1.8307142857142866
2485,16.610000000000003
2486,7.296249999999998
2487,3.8000000000000123
2488,-0.2902222222222183
2489,2.625535714285708
2490,13.233333333333352
2491,-1.8307142857142866
2492,21.323063909774444
2493,8.063214285714288
2494,-1.8307142857142866
2495,11.989553571428583
2496,5.597368421052624
2497,5.912888888888889
2498,-10.757777777777775
2499,-1.8307142857142866
2500,2.625535714285708
2501,6.931578947368419
2502,-13.816666666666666
2503,8.627142857142857
2504,2.625535714285708
2505,21.146607142857125
2506,-10.757777777777775
2507,10.055789473684207
2508,21.146607142857125
2509,-1.8307142857142866
2510,2.625535714285708
2511,-0.28333333333333044
2512,11.294666666666672
2513,-0.28333333333331623
2514,10.05578947368423
2515,2.625535714285708
2516,19.869333333333344
2517,11.006666666666675
2518,17.177321428571435
2519,21.326607142857128
2520,8.063214285714288
2521,8.063214285714285
2522,16.473214285714313
2523,14.318666666666687
2524,2.625535714285708
2525,15.48550000000002
2526,17.30000000000001
2527,17.915833333333318
2528,11.601052631578952
2529,21.323063909774458
2530,18.778333333333325
2531,15.750666666666692
2532,10.291428571428579
2533,20.750000000000007
2534,15.508750000000031
2535,4.743999999999999
2536,14.31866666666669
2537,7.347999999999998
2538,0.5200000000000022
2539,16.473214285714313
2540,17.77089285714288
2541,14.64166666666669
2542,15.308000000000007
2543,10.262105263157896
2544,11.253333333333341
2545,4.020833333333333
2546,13.36166353383459
2547,21.146607142857125
2548,14.318666666666665
2549,-5.615263157894744
2550,7.347999999999998
2551,14.799464285714308
2552,-17.87999999999999
2553,19.556666666666672
2554,9.2
2555,17.924833333333346
2556,7.88
2557,19.1857142857143
2558,12.786666666666683
2559,18.463392857142875
2560,1.9549999999999983
2561,-0.5233333333333359
2562,1.4200000000000026
2563,12.832988721804508
2564,13.70892857142858
2565,20.589333333333357
2566,3.7492857142857137
2567,-3.6022222222222267
2568,3.595555555555558
2569,18.130357142857164
2570,17.68333333333336
2571,9.687833333333344
2572,10.182666666666673
2573,17.021250000000023
2574,6.48888888888889
2575,9.50892857142858
2576,3.299999999999998
2577,16.32861842105263
2578,6.500000000000007
2579,-5.810000000000001
2580,-2.8822222222222136
2581,19.14407894736843
2582,6.7833333333333306
2583,3.2999999999999954
2584,10.291428571428584
2585,-17.233333333333327
2586,3.7492857142857146
2587,52.566607142857144
2588,-5.313333333333333
2589,-5.833333333333335
2590,16.731250000000014
2591,-0.7549107142857074
2592,6.7833333333333306
2593,5.554999999999983
2594,4.599999999999994
2595,10.291428571428579
2596,7.665000000000004
2597,6.449999999999998
2598,6.815000000000004
2599,3.3000000000000016
2600,-1.9000000000000035
2601,3.299999999999998
2602,-9.825000000000003
2603,-9.825000000000003
2604,-9.955000000000005
2605,3.2999999999999936
2606,-10.999999999999993
2607,-9.955000000000004
2608,5.309999999999996
2609,-30.636666666666645
2610,9.312500000000004
2611,5.669999999999999
2612,-5.620000000000002
2613,-32.489999999999995
2614,-5.44
2615,-5.440000000000002
2616,-15.559999999999995
2617,1.81625000000001
2618,-5.44
2619,20.63666666666669
2620,7.712500000000008
2621,3.299999999999999
2622,-4.296666666666668
2623,-8.616666666666664
2624,-3.577777777777771
2625,7.712500000000012
2626,-3.577777777777769
2627,5.914999999999986
2628,15.288750000000014
2629,17.021250000000023
2630,-19.55333333333331
2631,17.88933333333331
2632,17.870000000000026
2633,18.130357142857164
2634,17.4544642857143
2635,14.799464285714308
2636,14.799464285714311
2637,12.832988721804512
2638,11.994999999999997
2639,9.994285714285716
2640,3.055555555555552
2641,8.5
2642,13.81666666666668
2643,-4.516666666666664
2644,-3.242222222222225
2645,0.26333333333333453
2646,3.749285714285717
2647,-4.656666666666664
2648,9.994285714285713
2649,18.130357142857168
2650,-5.313333333333332
2651,10.2
2652,17.021250000000023
2653,18.690178571428593
2654,15.258035714285729
2655,20.63666666666669
2656,19.68933333333334
2657,21.323063909774458
2658,17.021250000000023
2659,12.50357142857144
2660,1.4200000000000115
2661,11.656666666666645
2662,19.654464285714305
2663,17.864031954887235
2664,6.460000000000011
2665,21.323063909774447
2666,21.323063909774458
2667,17.17732142857145
2668,7.349999999999997
2669,14.799464285714313
2670,5.912888888888893
2671,16.731250000000014
2672,18.130357142857168
2673,17.17732142857145
2674,17.021250000000023
2675,14.799464285714308
2676,1.4200000000000044
2677,14.799464285714308
2678,9.99428571428571
2679,9.99428571428571
2680,-2.7022222222222227
2681,10.200000000000003
2682,7.880000000000014
2683,9.867833333333337
2684,3.7492857142857225
2685,9.99428571428571
2686,-3.9766666666666652
2687,-6.466666666666661
2688,1.3000000000000007
2689,1.2999999999999945
2690,3.0199999999999996
2691,-0.7549107142857128
2692,3.7492857142857208
2693,-1.4688888888888783
2694,8.420000000000016
2695,7.350000000000008
2696,9.867833333333333
2697,4.299999999999993
2698,4.5955555555555545
2699,21.146607142857125
2700,9.99428571428571
2701,10.2
2702,16.841250000000024
2703,21.50660714285713
2704,9.994285714285724
2705,14.799464285714308
2706,19.6544642857143
2707,17.698333333333313
2708,10.2
2709,9.99428571428572
2710,14.799464285714304
2711,6.500000000000003
2712,14.596666666666685
2713,15.508750000000031
2714,21.86660714285713
2715,11.989553571428583
2716,-0.28333333333333044
2717,18.130357142857168
2718,15.508750000000028
2719,21.686607142857135
2720,13.361663533834598
2721,4.743999999999999
2722,13.361663533834594
2723,18.13035714285716
2724,8.813333333333343
2725,12.376666666666647
2726,21.326607142857128
2727,22.010000000000026
2728,4.743999999999999
2729,17.864031954887228
2730,21.506607142857124
2731,17.915833333333318
2732,15.508750000000024
2733,19.849999999999987
2734,11.989553571428583
2735,-0.28333333333332866
2736,15.508750000000017
2737,7.347999999999998
2738,19.185714285714305
2739,15.508750000000024
2740,15.508750000000017
2741,19.185714285714297
2742,18.455833333333324
2743,11.989553571428583
2744,11.989553571428583
2745,16.4732142857143
2746,17.555833333333315
2747,11.989553571428583
2748,17.735833333333318
2749,18.41833333333332
2750,17.698333333333313
2751,21.326607142857128
2752,6.488888888888891
2753,13.361663533834598
2754,-0.28333333333333044
2755,18.418333333333322
2756,6.499999999999999
2757,21.326607142857128
2758,17.37583333333331
2759,5.912888888888896
2760,17.878333333333316
2761,4.085000000000001
2762,20.589333333333357
2763,10.2
2764,-0.8395555555555513
2765,19.016666666666662
2766,-3.773333333333344
2767,17.864031954887228
2768,21.323063909774458
2769,8.27333333333332
2770,13.636666666666681
2771,11.253333333333352
2772,-0.7400000000000171
2773,21.326607142857128
2774,6.499999999999997
2775,17.37583333333331
2776,13.361663533834598
2777,18.130357142857168
2778,13.27666666666667
2779,2.5155555555555438
2780,18.130357142857168
2781,6.499999999999999
2782,8.42000000000002
2783,6.280000000000013
2784,21.146607142857125
2785,21.146607142857125
2786,8.5
2787,3.4155555555555566
2788,21.146607142857125
2789,17.86403195488723
2790,6.532500000000003
2791,12.832988721804515
2792,9.687833333333334
2793,21.146607142857125
2794,0.26333333333333364
2795,12.832988721804515
2796,14.799464285714308
2797,21.146607142857125
2798,12.376666666666654
2799,-0.7366666666666661
2800,4.743999999999999
2801,21.323063909774458
2802,-2.8533333333333344
2803,20.409333333333354
2804,21.326607142857128
2805,21.146607142857125
2806,17.864031954887235
2807,9.994285714285724
2808,18.969333333333328
2809,18.130357142857168
2810,17.555833333333315
2811,1.240000000000017
2812,20.229333333333344
2813,17.17732142857145
2814,17.17732142857145
2815,18.130357142857168
2816,21.326607142857128
2817,21.146607142857125
2818,15.508750000000028
2819,1.2400000000000206
2820,3.7492857142857243
2821,21.146607142857125
2822,17.864031954887235
2823,13.81666666666668
2824,9.994285714285713
2825,17.698333333333313
2826,20.409333333333354
2827,17.17732142857145
2828,18.969333333333328
2829,17.864031954887235
2830,9.994285714285713
2831,9.507833333333334
2832,1.4200000000000221
2833,3.595555555555552
2834,3.415555555555555
2835,15.508750000000031
2836,10.291428571428568
2837,17.864031954887235
2838,11.294666666666675
2839,17.735833333333318
2840,17.17732142857145
2841,10.055789473684207
2842,12.736666666666654
2843,17.864031954887235
2844,10.2
2845,17.698333333333313
2846,17.37583333333331
2847,10.291428571428572
2848,20.589333333333357
2849,11.294666666666675
2850,17.555833333333315
2851,13.45666666666667
2852,6.931578947368419
2853,21.866607142857138
2854,17.37583333333331
2855,21.686607142857135
2856,21.326607142857128
2857,17.864031954887235
2858,21.866607142857138
2859,18.789333333333325
2860,17.37583333333331
2861,9.99428571428571
2862,18.969333333333328
2863,14.799464285714311
2864,13.096666666666664
2865,14.176666666666687
2866,13.81666666666668
2867,17.021250000000023
2868,21.146607142857125
2869,18.789333333333325
2870,22.04660714285714
2871,9.99428571428571
2872,21.32660714285712
2873,19.654464285714305
2874,21.146607142857125
2875,21.32660714285712
2876,17.37583333333331
2877,18.969333333333328
2878,15.508750000000031
2879,9.687833333333334
2880,9.99428571428571
2881,21.686607142857135
2882,14.799464285714308
2883,9.99428571428572
2884,17.37583333333331
2885,19.14933333333333
2886,16.73125000000001
2887,15.508750000000031
2888,21.146607142857125
2889,9.994285714285729
2890,9.994285714285716
2891,21.14660714285712
2892,14.799464285714308
2893,16.473214285714313
2894,9.867833333333333
2895,20.409333333333354
2896,17.17732142857145
2897,19.68933333333334
2898,22.04660714285714
2899,17.864031954887235
2900,17.864031954887235
2901,21.323063909774458
2902,14.799464285714308
2903,3.7492857142857137
2904,14.799464285714304
2905,-1.4688888888888818
2906,-0.020000000000009344
2907,6.931578947368419
2908,19.14933333333333
2909,3.5955555555555554
2910,19.689333333333337
2911,20.22933333333335
2912,16.473214285714313
2913,21.866607142857138
2914,20.049333333333347
2915,17.864031954887235
2916,17.021250000000023
2917,11.294666666666668
2918,17.86403195488722
2919,17.17732142857145
2920,9.994285714285716
2921,17.698333333333313
2922,21.323063909774454
2923,9.994285714285713
2924,17.17732142857145
2925,14.799464285714308
2926,10.047833333333333
2927,13.70892857142858
2928,3.7755555555555533
2929,0.011111111111112848
2930,10.047833333333333
2931,3.7492857142857146
2932,-3.625000000000001
2933,8.499999999999996
2934,12.196666666666651
2935,-0.20000000000000895
2936,6.7833333333333306
2937,1.8073684210526295
2938,2.5155555555555456
2939,13.708928571428583
2940,9.687833333333334
2941,9.32783333333333
2942,6.931578947368419
2943,15.508750000000031
2944,7.880000000000009
2945,6.499999999999997
2946,10.04783333333334
2947,14.176666666666687
2948,17.936666666666646
2949,-1.9000000000000035
2950,6.455000000000001
2951,-1.9000000000000012
2952,8.780000000000026
2953,7.159999999999993
2954,18.05833333333332
2955,14.028749999999992
2956,1.5955555555555572
2957,-8.976666666666663
2958,9.31250000000001
2959,1.0250000000000021
2960,9.09333333333332
2961,0.5155555555555464
2962,13.848749999999994
2963,19.654464285714297
2964,6.499999999999999
2965,7.913333333333318
2966,-3.7022222222222188
2967,14.748749999999994
2968,5.129999999999998
2969,18.05833333333332
2970,7.694444444444449
2971,17.17732142857145
2972,4.950000000000006
2973,-5.999999999999996
2974,1.3669642857142925
2975,0.5155555555555464
2976,1.2355555555555524
2977,-3.702222222222224
2978,6.460000000000016
2979,7.3550000000000155
2980,12.503571428571437
2981,5.740000000000003
2982,15.288750000000018
2983,8.60000000000003
2984,8.627142857142857
2985,-2.7040892857142853
2986,3.299999999999997
2987,11.294666666666672
2988,0.8900000000000041
2989,21.146607142857125
2990,6.48888888888889
2991,3.775555555555554
2992,16.473214285714313
2993,17.864031954887235
2994,16.40729323308272
2995,-8.355555555555553
2996,11.995000000000005
2997,21.650000000000023
2998,19.654464285714305
2999,18.130357142857168
3000,21.326607142857128
