#{"t_start": 1775311599.7773807, "env_id": "None"}
r,l,t
15.246667,20,12.60418
15.246667,20,12.633858
15.246667,20,12.660116
-2.97,20,12.686853
-2.576,20,12.712766
-2.576,20,12.742136
-6.403333,20,12.768901
-2.97,20,12.795644
-6.403333,20,12.822458
-6.403333,20,12.850694
-3.403333,20,22.150257
-10.6,20,22.176992
-10.6,20,22.208441
-21.45,20,22.238743
-21.45,20,22.270648
-21.45,20,22.298073
-21.45,20,22.324091
-21.45,20,22.355021
-3.403333,20,22.383043
-17.049286,20,22.411066
-7.4,20,31.998722
-24.5,20,32.026551
-7.4,20,32.055442
-7.4,20,32.081566
-7.4,20,32.10616
-7.4,20,32.131617
-24.5,20,32.162704
-24.5,20,32.189968
-7.4,20,32.215599
-7.4,20,32.242737
14.964,20,42.471195
-7.4,20,42.498629
14.964,20,42.529318
-7.4,20,42.556472
-11.391333,20,42.582896
-7.4,20,42.608342
14.964,20,42.636804
-11.391333,20,42.66335
-11.391333,20,42.690317
-7.4,20,42.715749
-7.4,20,53.057223
-7.4,20,53.084564
-7.4,20,53.114368
-7.4,20,53.138879
-7.4,20,53.164144
-7.4,20,53.189321
-7.4,20,53.217847
12.413333,20,53.245787
-7.4,20,53.271313
12.413333,20,53.29743
-0.446833,20,63.747139
-6.445,20,63.777081
-0.446833,20,63.805695
-7.4,20,63.830855
-7.4,20,63.856991
-6.445,20,63.884047
13.26,20,63.914265
-6.445,20,63.941489
-0.446833,20,63.968587
-0.446833,20,63.995749
-12.04875,20,74.652088
46.64625,9,74.664522
46.64625,9,74.676989
1.995085,20,74.706449
-12.04875,20,74.732594
-12.04875,20,74.760143
46.64625,9,74.772361
-12.04875,20,74.802139
-12.04875,20,74.830506
-12.04875,20,74.858103
-4.4,20,85.400234
-4.4,20,85.429287
8.325321,20,85.459074
8.2625,20,85.490034
-19.6425,20,85.517114
8.2625,20,85.54492
-4.4,20,85.572391
-19.6425,20,85.602612
8.325321,20,85.630012
8.2625,20,85.656727
5.209442,20,96.238334
0.048214,20,96.265672
0.048214,20,96.29494
0.048214,20,96.322503
5.209442,20,96.3493
5.209442,20,96.379049
5.209442,20,96.408519
0.048214,20,96.437476
-4.405625,20,96.465267
19.859667,10,96.480792
38.5275,4,107.090118
4.259895,20,107.11853
41.01625,20,107.145822
20.1325,20,107.176644
38.5275,4,107.182765
4.259895,20,107.210844
41.01625,20,107.237311
41.01625,20,107.267954
20.1325,20,107.294223
20.1325,20,107.32208
.49,3,6.271531
12.044333,2,6.276885
-59.04,18,6.30444
-128.903333,20,6.340781
2.141071,5,6.349127
-0.463263,5,6.359644
15.375,10,6.374919
-12.66,2,6.381155
11.943571,5,6.388077
-7.197778,20,6.418731
-7.03,1,6.423424
24.99,13,6.44506
-7.03,1,6.449447
-15.553893,20,6.482975
42.369661,9,6.497829
-7.03,1,6.49968
18.945357,4,6.506465
2.293158,7,6.518964
-50.033333,8,6.534057
2.081071,7,6.546452
10.255778,18,6.578326
-15.55,4,6.585093
4.123571,2,6.590886
11.226786,3,6.594611
-7.03,1,6.59939
-7.36,2,6.602005
9.071333,3,6.607958
-7.03,1,6.610433
-7.03,1,6.612261
8.758929,6,6.623668
24.003571,6,6.635391
-11.963579,3,6.641859
35.311042,8,6.655112
7.006667,2,6.660589
-20.638833,2,6.663263
-10.288316,8,6.678934
-11.623105,4,6.687061
-3.9925,17,6.714219
-46.41,14,6.744268
-7.36,2,6.747662
5.851789,7,6.760548
-13.98,6,6.773287
-38.54,10,6.789454
29.62,11,6.808558
-69.5725,20,6.842592
-38.66,20,6.874347
-51.096,9,6.88746
9.562,3,6.894092
-12.348889,20,6.926397
-121.682222,20,6.959514
-44.235,20,6.994631
-18.575263,4,7.001638
-46.584444,20,7.03347
-157.205,20,7.067429
-32.833333,20,7.098699
1.167857,20,7.132327
-37.206667,20,7.166037
-89.05,20,7.198083
37.290179,17,7.22768
-12.263333,20,7.263436
-57.726667,20,7.295202
-11.088947,7,7.308337
37.104625,8,7.321474
15.8645,20,7.355824
-19.959474,3,7.361842
-49.496,20,7.39369
-12.845,9,7.407783
15.967333,9,7.42192
-3.268929,20,7.4564
4.7,20,7.489606
-45.28,20,7.523361
28.302833,18,7.556872
-47.316667,20,7.589208
-30.253333,20,7.620941
-103.348889,20,7.653961
-90.035263,20,7.688059
-56.802222,20,7.721642
-91.07,20,7.753313
27.29,14,7.77611
-22.621667,20,7.810244
2.424211,20,7.842251
-25.4,20,7.876662
-12.74,20,7.908513
-12.155,20,7.940654
20.975263,19,7.974468
-7.604895,20,8.005887
19.204667,16,8.030632
-7.03,1,8.032644
-4.963333,9,8.0471
-89.466667,20,8.080621
-17.112036,20,8.112403
2.270536,20,8.146664
-27.224889,20,8.177985
-55.370357,10,8.197351
17.388036,20,8.231358
9.507333,3,8.23806
0.25,20,8.27076
-44.965778,20,8.304277
14.566,20,8.335428
-9.648889,20,8.369102
-65.091111,20,8.402288
-28.13,20,8.432644
13.135368,6,8.441205
-6.114286,20,8.473624
-31.553333,20,8.508327
-6.404632,3,8.514583
-51.380278,20,8.546034
2.922,12,8.569517
-8.657778,20,8.604581
7.5685,20,8.636283
36.832,14,8.657717
17.270179,20,8.689162
-1.5075,20,8.723406
2.045714,8,8.735682
17.105,16,8.761553
-43.423333,20,8.794767
21.074732,20,8.833272
-76.739464,20,8.865628
-107.765,20,8.899814
16.062333,4,8.910469
-33.462222,20,8.943459
19.97,17,8.972759
-121.285,20,9.007594
1.526607,16,9.035133
-99.676667,20,9.069983
0.933333,10,9.084546
19.49,20,9.119062
-10.886667,20,9.15268
21.141321,20,9.186015
14.17,5,9.194345
11.68,20,9.231907
-36.4625,20,9.264414
-10.551667,20,9.29593
-25.481278,20,9.329776
-7.36,2,9.334697
-0.700667,7,9.347255
-17.267,20,9.37976
-168.72,20,9.412656
-14.613333,20,9.445953
4.61,3,9.450537
-40.43,20,9.4836
-6.05,20,9.515382
9.526667,4,9.524674
-1.74,18,9.555438
38.7225,6,9.565917
-14.2,20,9.60109
-3.95,5,9.612126
-4.59,19,9.644303
3.771368,17,9.673777
6.139722,18,9.700984
21.848167,8,9.713533
-32.34,20,9.750443
-70.63,15,9.776633
-7.03,1,9.77804
-146.51,20,9.809005
17.184667,5,9.81722
-6.335,20,9.852648
-52.397778,20,9.888267
-2.3,20,9.920674
30.001071,18,9.954665
29.82,18,9.982
10.317857,20,10.015078
-34.736667,20,10.050323
8.103571,20,10.085691
14.55,20,10.118776
4.374286,8,10.131905
-20.75,20,10.167669
-62.345357,20,10.201274
31.750714,14,10.226553
-1.497778,20,10.26246
-17.69,20,10.295527
-19.053158,3,10.302118
-87.146667,20,10.334556
-56.87,15,10.360019
-73.17,17,10.390219
-6.342053,5,10.398121
5.856667,7,10.40939
13.612,20,10.442572
-8.28,20,10.478938
-136.211429,20,10.512087
43.3005,14,10.533064
-55.493333,20,10.57098
-4.12,9,10.58498
-18.345556,20,10.619997
12.405714,5,10.630211
-31.152,7,10.640268
10.8,20,10.675016
-85.5225,20,10.707439
11.733333,16,10.731364
33.848571,16,10.757558
-7.03,1,10.764103
-76.238167,20,10.7981
-3.616667,5,10.805763
16.792058,20,10.839454
11.005,8,10.853987
-7.050789,7,10.867942
7.816667,6,10.876533
15.158667,6,10.887297
-59.905357,20,10.92202
-22.1775,6,10.931608
4.263333,3,10.93735
-56.562222,20,10.971691
12.04,5,10.97953
-34.31,20,11.012741
23.8595,20,11.060285
18.5,10,11.086648
30.086389,18,11.116926
-16.138393,20,11.152389
-7.03,1,11.153794
-219.335,20,11.188916
-7.03,1,11.193076
-82.016667,20,11.234174
-73.99,20,11.271897
-6.083333,12,11.303325
-31.409286,7,11.318445
3.456667,20,11.364446
-86.943333,19,11.398736
-13.0,5,11.407762
-118.546667,20,11.440468
-5.22,20,11.473986
-7.69,3,11.479538
1.200889,20,11.514957
-9.542222,20,11.547992
-42.42,20,11.583414
20.248571,6,11.597977
-12.773732,20,11.632431
30.039821,18,11.661963
8.517333,6,11.674732
4.0,20,11.710394
-44.069333,12,11.729828
-27.405,20,11.763012
17.955357,7,11.773021
9.549286,5,11.783134
22.767368,12,11.80506
-26.212895,5,11.814544
-22.993333,20,11.849411
8.086,5,11.857233
-40.506667,20,11.891523
43.366,6,11.905147
-102.86,20,11.940493
-20.426667,20,11.974457
16.98,20,12.011949
-8.56,20,12.044543
10.87125,20,12.078116
1.04,20,12.115404
41.771429,15,12.139356
8.417895,20,12.17355
-14.433,20,12.205049
2.426842,6,12.219172
-70.503036,20,12.253461
-43.000667,20,12.286744
-80.79,20,12.32343
1.407,20,12.355677
17.68,20,12.389601
10.835,17,12.417019
-110.427556,20,12.452687
19.92225,20,12.486055
-74.586667,20,12.517986
5.981263,5,12.529194
-58.926,10,12.548905
-147.725,20,12.878487
-15.41,20,12.910709
48.6025,20,12.946951
5.124444,20,12.982291
23.305,10,13.001338
-0.8375,12,13.024718
-24.515556,20,13.066068
25.666667,17,13.103769
-8.56,20,13.145807
16.08,8,13.162248
-5.853333,18,13.195596
17.6625,20,13.237276
-24.114444,17,13.269922
10.163158,19,13.30581
-19.82578,20,13.340574
-17.915263,2,13.347444
-21.283158,20,13.387839
-31.728789,4,13.395081
12.56,11,13.41335
-7.03,1,13.418368
-53.49,12,13.441749
-11.14,20,13.481472
6.965536,20,13.518806
13.676667,3,13.522866
-37.4525,20,13.564458
11.273333,19,13.603171
-60.626667,20,13.640405
-97.063333,17,13.677651
-55.4225,8,13.691164
-17.125,20,13.724386
-11.79,3,13.731178
15.31,3,13.737841
4.1,20,13.77534
19.193214,19,13.807964
44.734167,9,13.822551
-3.147143,20,13.858421
1.37,19,13.895349
-71.496667,20,13.929381
10.055,17,13.959188
8.466667,20,13.997217
1.455,20,14.033612
12.745,20,14.0676
-5.7,20,14.105467
-5.338571,20,14.139586
15.075,20,14.174811
17.96,8,14.190623
9.3225,20,14.226412
7.1975,20,14.263
33.591667,10,14.27926
-68.277143,20,14.316815
-32.076333,20,14.351905
-207.595,18,14.385762
5.672857,20,14.423015
7.004,20,14.456326
10.74,20,14.495544
2.005333,20,14.532109
4.693684,16,14.560585
11.338333,20,14.600898
7.990714,20,14.63587
-10.867111,20,14.671578
9.097368,20,14.71066
-105.02,14,14.733265
-10.52,17,14.763628
-78.625,20,14.797052
-19.819286,20,14.834805
-64.46,20,14.86761
0.805333,20,14.901746
6.136,20,14.94069
15.04875,20,14.975085
5.849107,20,15.012427
-132.255,20,15.046071
23.416667,20,15.080775
10.54,6,15.090228
-11.08,20,15.127899
37.431667,12,15.148275
-53.6,20,15.183322
0.71,20,15.217438
27.261321,13,15.244515
-5.098333,20,15.278262
-20.695,20,15.312747
-4.662056,20,15.35088
3.305179,20,15.386838
-3.620254,20,15.42128
3.0505,5,15.436054
-14.106667,20,15.471297
8.3425,20,15.505324
14.532643,20,15.541938
20.365089,12,15.562666
-16.119833,20,15.600422
-2.865,20,15.636677
-40.543556,20,15.669343
-44.367889,20,15.703849
-109.583333,20,15.738756
12.808,2,15.74102
-59.797857,15,15.767638
-7.03,1,15.769579
-3.848,20,15.804476
-27.482778,20,15.84148
-16.666,20,15.874894
37.937368,7,15.888423
-14.33,20,15.92451
45.06125,12,15.94804
-75.356667,20,15.982835
30.56,9,15.997607
21.675,13,16.017164
37.624429,16,16.044627
-149.05375,20,16.079168
-16.573333,20,16.117554
4.835,20,16.155151
-84.9,20,16.192167
-48.5,20,16.254389
8.086667,7,16.268133
-7.03,1,16.269418
8.46,20,16.305621
-18.037368,20,16.339648
-45.551488,17,16.377174
0.405,20,16.412412
33.962857,12,16.433084
11.776071,20,16.471521
4.196429,20,16.508201
-15.9,20,16.54319
17.466429,14,16.56812
-60.688444,20,16.602441
-23.912966,20,16.635262
33.265,17,16.664026
21.171389,19,16.700016
6.23,20,16.735436
-8.820632,20,16.773523
19.487726,20,16.807897
14.895536,20,16.843732
-15.378,18,16.878222
13.963665,20,16.915993
23.096667,13,16.939033
4.7075,20,16.972399
13.34,7,16.987448
-43.996667,20,17.024596
3.9115,20,17.061781
-3.223571,20,17.09741
6.635,20,17.129323
15.9225,4,17.137074
12.737292,9,17.151155
-76.393333,20,17.188209
-7.36,2,17.190303
20.06375,20,17.22646
19.876607,19,17.262564
-180.456667,13,17.28241
-10.049842,12,17.306006
6.553571,13,17.330392
-40.942667,6,17.339236
-2.15,20,17.376359
13.700833,20,17.414103
38.22,5,17.423097
10.274,20,17.458875
-3.142321,20,17.497253
16.578333,20,17.53197
-26.398667,20,17.56531
-7.36,2,17.570256
-24.678526,20,17.608245
-80.8225,20,17.642589
-155.117857,20,17.676956
-7.03,1,17.678256
-35.17,17,17.711216
8.146667,5,17.723232
8.656893,16,17.754354
43.278889,13,17.77818
-11.5475,3,17.784998
20.680929,20,17.824602
-17.808,20,17.861537
-187.32,20,17.895931
-77.723333,20,17.932064
-49.5375,20,17.965606
-74.7975,20,18.000504
31.413333,14,18.026614
-37.872632,20,18.060288
-59.137857,8,18.074364
-113.932679,14,18.099745
0.938393,20,18.13922
-44.416667,20,18.175951
0.52,20,18.210316
-73.983333,16,18.241919
-2.333105,11,18.262461
5.28,4,18.270188
17.63,9,18.28884
7.868632,20,18.325171
15.130929,20,18.359419
10.817,20,18.395329
7.745833,20,18.430967
-25.092895,20,18.466447
32.02875,14,18.489607
-21.033333,20,18.527677
0.375,20,18.56443
-31.254737,20,18.601015
17.326833,4,18.6081
-64.032857,20,18.643078
9.107262,20,18.678958
7.38,20,18.712469
10.985,20,18.749726
-7.75,5,18.757513
-45.74,20,18.792024
-24.679929,20,18.826412
-55.4325,4,18.833469
8.146667,5,18.846072
-56.5275,13,18.868604
-0.87,20,18.903422
15.05625,20,18.938252
11.15,20,18.974384
33.578667,20,19.008671
4.618947,8,19.023387
-7.69,3,19.028749
9.37,19,19.062643
-10.743556,20,19.096956
-19.013158,20,19.131027
-111.123333,20,19.167956
-41.16,20,19.205777
8.378889,20,19.244225
0.231,20,19.28512
16.656667,17,19.320371
1.187857,20,19.359818
6.323158,12,19.379263
-22.329474,12,19.400422
-63.665,20,19.432099
-83.638947,20,19.470961
-7.095556,20,19.504533
0.962857,11,19.522416
10.513929,9,19.539859
-15.14,20,19.577776
6.2,8,19.5938
-1.713,20,19.631993
5.61,3,19.636147
-19.660526,7,19.649508
-13.392167,19,19.683869
5.891111,20,19.719531
15.252,20,19.755743
11.951167,15,19.785799
-3.606071,20,19.819243
9.135895,20,19.856405
-0.886222,20,19.892504
-2.785,20,19.929023
-37.011789,20,19.966498
-0.033333,20,20.007888
-30.064632,20,20.043283
-4.116526,20,20.080128
-7.826667,20,20.116229
-8.153333,20,20.154528
16.07,11,20.172158
-34.08,20,20.211768
15.432143,14,20.239673
10.235,20,20.278445
-14.935,20,20.317631
3.1,20,20.35369
-30.087368,20,20.392015
10.851071,7,20.407164
5.818667,20,20.444222
-17.686667,20,20.480843
6.075,20,20.517556
-38.893333,20,20.551316
-33.130789,20,20.59075
-40.736421,20,20.629084
-18.828789,20,20.665212
-56.86,20,20.705343
4.631579,20,20.743303
-20.781333,20,20.780513
-57.04,20,20.821872
-19.235833,20,20.860282
-65.048,18,20.890162
-22.569895,20,20.929586
-24.763158,20,20.967538
-87.045789,20,21.003773
-19.275833,13,21.027277
-29.594526,8,21.04444
-13.417778,20,21.081051
-20.563333,20,21.120055
5.622143,6,21.134008
-5.0,20,21.16948
-71.19375,20,21.207003
12.363786,20,21.246483
24.7,20,21.295295
-7.166667,20,21.376518
7.215,20,21.412678
-15.619474,20,21.453465
-12.511579,20,21.487191
-5.560368,20,21.521415
-49.071071,15,21.552181
-52.336,12,21.57476
-3.601786,20,21.611885
-9.01,7,21.622716
4.339316,20,21.661778
8.382789,6,21.674439
7.722167,20,21.712834
-14.726263,20,21.75121
-0.016667,7,21.766004
5.938,20,21.80203
-9.583333,20,21.841008
-18.905263,5,21.849098
-12.7,20,21.886298
5.346833,20,21.921324
13.51,7,21.93614
8.14,20,21.974811
8.74,20,22.012094
-160.24,20,22.050042
-17.54,20,22.087929
-16.549464,20,22.423189
4.73,20,22.461743
5.9025,20,22.498858
-0.413333,20,22.534126
10.280714,18,22.567233
0.0645,20,22.605093
10.164,20,22.642728
-8.9845,16,22.673496
-15.875556,20,22.709743
-23.47,20,22.746756
14.6175,20,22.786217
9.910786,20,22.82582
8.59,20,22.864748
6.093571,20,22.900915
-2.99,20,22.937248
-5.846667,20,22.973402
8.234,20,23.007779
22.274732,20,23.043113
11.544536,20,23.084749
5.679226,20,23.119507
6.389286,3,23.125247
-7.03,1,23.126503
-3.505333,14,23.154682
-7.03,1,23.156139
-4.233333,20,23.191792
-67.016786,20,23.227805
16.238929,20,23.264021
12.693,20,23.301656
-7.69,3,23.30771
20.365,14,23.332535
-50.960179,20,23.369902
-15.899474,12,23.393433
-27.081789,19,23.427851
-31.194167,20,23.462366
4.545,20,23.499332
2.920053,6,23.507755
19.063333,7,23.521454
0.624,20,23.559857
3.325,20,23.601362
4.916667,20,23.643102
-23.315368,2,23.648252
19.0,20,23.68497
-80.622143,19,23.720326
-16.297158,20,23.75447
27.047667,8,23.768095
0.386667,20,23.805904
-9.215,20,23.842369
35.500893,12,23.862297
4.841333,20,23.899966
-214.64875,20,23.938251
-3.342,20,23.973823
22.032857,20,24.011381
15.55994,20,24.048473
3.012,20,24.084318
3.426667,20,24.121097
-10.66,12,24.142291
-9.064286,20,24.177092
-7.69,3,24.182977
-24.875,20,24.222225
-68.083929,14,24.247866
13.347833,14,24.27285
33.43,13,24.294493
4.404,20,24.333251
4.69125,20,24.371635
-33.073684,5,24.383127
2.579167,20,24.418531
11.046429,20,24.455365
3.721053,20,24.49114
-18.357895,8,24.505718
3.989579,20,24.543176
-40.36,20,24.579225
-50.244167,20,24.611615
-39.65,20,24.651687
-12.21,20,24.688408
2.633333,20,24.726204
-15.875368,5,24.736682
-21.185833,20,24.77451
0.75,20,24.808792
-16.287526,20,24.845667
3.035536,20,24.880577
10.678036,20,24.915496
-59.055333,20,24.954533
-35.013496,20,24.993301
21.316667,20,25.033646
-1.36,20,25.069827
-8.581053,20,25.107088
-2.720357,20,25.143914
4.38875,20,25.180598
-35.057778,20,25.216463
13.935,20,25.255826
-25.363158,20,25.293062
-12.449643,20,25.329552
5.44,20,25.368354
-47.996667,20,25.405303
15.895071,20,25.443881
-5.915,20,25.480508
-33.027,20,25.517517
10.916964,20,25.559195
-150.05,20,25.597283
-10.956944,20,25.63813
-21.944444,20,25.678873
-7.6265,16,25.705744
-9.67,9,25.72126
-33.163158,20,25.765672
28.177768,4,25.773148
20.401071,13,25.797311
19.613333,5,25.808858
-9.37,20,25.847758
15.16,2,25.850902
15.597667,4,25.860907
-22.420526,19,25.901838
9.926,10,25.918766
2.343333,20,25.960187
-42.080089,10,25.980005
27.648036,16,26.010515
-44.13625,9,26.02632
1.756,20,26.06586
-20.088316,20,26.102841
-11.32,14,26.131725
8.18625,20,26.170898
-126.926667,20,26.209069
5.982333,4,26.217107
-20.289474,4,26.224819
-9.01,7,26.236048
12.5,20,26.276853
9.697321,5,26.289488
0.004,20,26.325931
21.714286,20,26.361147
-7.4,20,26.401486
-6.267895,19,26.433836
-20.593333,20,26.473615
-38.855368,20,26.509847
-5.151429,20,26.545496
-23.844333,20,26.584078
-10.381263,20,26.622216
-5.42,20,26.655951
-1.792167,20,26.694646
15.16,2,26.699944
-14.368929,20,26.736097
16.0875,20,26.7712
-3.606,20,26.809093
-6.146,20,26.84481
6.521399,20,26.884666
-35.193333,20,26.924066
20.562887,20,26.962369
28.387262,14,26.986772
-7.03,1,26.993567
-10.72,14,27.017085
23.65,15,27.047458
1.882778,20,27.082884
-24.245158,20,27.125468
11.793333,14,27.151308
16.569,20,27.186522
4.788833,20,27.224531
-0.425,20,27.263268
-39.0375,20,27.302359
-202.276667,20,27.340075
-82.746667,20,27.376459
-0.803368,18,27.414124
44.293571,12,27.435105
10.866667,20,27.470344
8.6735,20,27.504426
-10.547679,15,27.534493
-36.365526,20,27.568807
16.242667,20,27.605322
-81.75,20,27.643331
-79.48,20,27.681689
4.96375,20,27.720159
14.265,20,27.758806
6.589333,20,27.795822
6.555,18,27.830551
-9.73,11,27.852923
-7.03,1,27.854214
9.462,7,27.868095
7.525,20,27.907176
15.032667,20,27.946421
9.792,6,27.957124
15.198333,20,27.993759
5.500167,19,28.030596
6.8975,20,28.066112
-3.226667,17,28.098418
11.308036,20,28.135967
-21.073333,20,28.175925
8.716333,20,28.212402
4.3,20,28.2539
-39.016,20,28.293559
-23.292,20,28.334962
3.963333,13,28.363065
8.006667,20,28.400943
-15.839474,10,28.417495
0.88,20,28.458264
-5.962222,20,28.495442
16.128333,13,28.518991
-23.09,20,28.558747
-15.08725,20,28.597659
-99.655,20,28.635765
8.647321,10,28.657991
5.550667,20,28.693568
8.1875,20,28.731404
-75.5075,20,28.770403
3.592833,20,28.807896
-5.486667,20,28.847526
-1.6725,20,28.888047
-4.764,20,28.92648
7.016,20,28.968131
-28.762526,20,29.006502
-23.303684,20,29.045563
6.96,20,29.08758
13.653304,20,29.124182
-139.45625,20,29.166083
-10.043333,20,29.207294
-13.947263,20,29.24517
-10.99,13,29.271435
-2.262222,20,29.309741
17.225179,20,29.347145
34.477143,19,29.385885
-13.285,20,29.421738
-51.753333,20,29.45946
24.170982,20,29.501597
-34.14,20,29.538037
-6.091111,20,29.576123
10.422333,6,29.585129
-11.096339,20,29.623204
33.04,7,29.637462
-20.363333,20,29.676532
36.540833,16,29.705989
12.778393,20,29.745053
13.866607,20,29.784242
-138.22875,20,29.822686
-34.256667,20,29.861863
-0.14875,20,29.900825
30.523333,11,29.922132
6.051167,20,29.958204
-3.637143,18,29.991471
12.659857,20,30.029963
-67.985286,20,30.067571
8.405,14,30.097132
25.948,7,30.109293
-3.958929,20,30.148403
43.366,20,30.187105
5.15625,20,30.225276
22.073333,18,30.258644
-18.028947,20,30.299105
14.748148,20,30.336033
12.35,20,30.374161
-11.32,14,30.402849
15.918857,20,30.44281
11.9725,20,30.482528
1.805357,20,30.523747
-10.997667,20,30.563574
23.499833,16,30.596323
-57.2045,14,30.620877
-12.04875,20,30.660182
-7.03,1,30.66149
-75.12,20,30.7003
3.8035,20,30.739288
3.393333,20,30.777727
-22.87,20,30.817778
0.74,20,30.856243
-7.4,20,30.894028
-15.097143,20,30.935293
2.634667,20,30.972004
10.5,20,31.012799
0.635789,20,31.056211
-0.74,20,31.091876
9.846667,20,31.131146
-30.093333,20,31.169841
-0.934211,20,31.207695
11.1,20,31.249141
19.555446,20,31.300606
14.360179,20,31.356834
3.381607,20,31.395134
7.227321,20,31.436322
-8.67,20,31.475049
4.932333,20,31.51281
-2.509,20,31.553984
15.690714,20,31.593772
-14.432,20,31.632757
4.947,20,31.671783
-9.89,20,31.710189
-19.46,20,31.751036
-31.468333,20,31.789268
4.278667,20,31.826833
-9.792804,20,31.866158
-87.41,20,31.901939
5.225667,20,31.943631
15.51,5,31.956057
12.525,20,32.26903
-17.889368,10,32.28744
13.48,20,32.324625
-2.669,20,32.36501
15.6925,20,32.405464
-4.385263,20,32.443187
-8.622,20,32.48742
-2.787667,20,32.526845
-9.67,9,32.542736
-34.122579,20,32.582291
-20.818661,20,32.619863
8.348214,20,32.65941
8.688,20,32.697137
13.051833,20,32.731566
2.323333,20,32.773842
14.5035,20,32.810781
13.5575,20,32.848701
-11.35,20,32.890506
-1.867143,20,32.926324
6.835,20,32.967889
-14.497143,20,33.008122
-8.71,17,33.042407
7.161667,20,33.083407
-70.53,20,33.120975
-7.4,20,33.158145
-7.4,20,33.199595
-1.01,16,33.228857
-31.935263,20,33.265426
20.453667,20,33.307547
-73.046,16,33.337878
-1.907857,20,33.379793
9.957143,20,33.419689
-16.07,19,33.453794
6.974107,20,33.495108
6.634667,20,33.532349
-16.1675,17,33.567916
-70.228214,20,33.608001
1.756,20,33.646053
-16.746667,20,33.692445
-33.175211,20,33.731808
0.2625,20,33.772732
-39.822833,20,33.812342
25.062946,20,33.851278
-1.932321,20,33.892344
-3.606667,20,33.933447
13.833333,20,33.970833
9.293333,20,34.010955
-38.737316,20,34.050282
-20.526632,20,34.088264
4.75125,20,34.128214
11.025393,20,34.167426
5.054333,20,34.208691
-28.823,13,34.233831
-7.4,20,34.271042
-1.9,20,34.311492
-7.03,1,34.313437
2.663333,20,34.35176
-5.900211,15,34.380185
-22.371,20,34.419914
-2.635,20,34.459511
13.343036,20,34.498845
1.7,20,34.538923
0.49,17,34.571563
7.5375,20,34.611875
-7.69,3,34.618319
11.705857,20,34.658042
2.558857,20,34.695009
25.373214,20,34.737053
8.259568,20,34.774973
-7.03,1,34.776333
-1.365263,20,34.817609
-18.992667,20,34.856394
13.066667,20,34.895748
-8.097263,20,34.937217
5.992679,20,34.974844
-6.8,20,35.013998
18.833786,20,35.056609
3.1,20,35.099825
-7.4,20,35.141754
-18.243333,20,35.181355
-6.498,20,35.220705
17.632,3,35.228872
-7.4,20,35.268284
5.5,20,35.308592
-79.146667,20,35.348421
-0.3875,20,35.385677
3.58,20,35.425327
-0.555,20,35.466638
-7.03,1,35.467971
1.958857,20,35.506993
-9.01,7,35.519854
18.7475,20,35.560822
10.795,20,35.598656
17.8625,20,35.637632
-41.473333,20,35.676907
-20.001158,20,35.713215
-10.99,13,35.739753
-7.03,1,35.741012
2.856667,20,35.779427
-7.480893,20,35.82008
-10.643333,20,35.861511
3.910714,20,35.900931
1.101333,20,35.943008
5.261607,20,35.982874
19.000714,17,36.016
11.861786,20,36.058649
4.025714,2,36.061642
-8.154333,20,36.101316
-8.468421,20,36.139187
-24.863333,20,36.180607
28.165923,20,36.218986
22.352393,20,36.260622
21.665804,20,36.298948
-21.821429,20,36.339195
5.769667,20,36.381047
-10.435714,20,36.420155
-21.221429,20,36.460953
-10.831429,20,36.500022
-10.55,20,36.538658
7.488839,20,36.583459
-0.159474,20,36.625917
2.814667,20,36.667751
-10.663684,20,36.722069
-15.097143,20,36.765829
-0.107895,20,36.807641
0.96,20,36.847156
15.384972,20,36.88908
0.583333,20,36.932179
0.35,20,36.97173
1.151429,20,37.009879
5.285,20,37.05294
16.473214,20,37.098263
-4.010179,20,37.13757
-9.36,20,37.175505
-22.912857,20,37.213198
-23.3,20,37.253581
-0.153333,20,37.294437
-21.45,20,37.336372
-34.674,20,37.37404
10.97375,20,37.416463
-1.556,10,37.437735
10.142607,20,37.475602
8.188,16,37.508629
-9.258667,20,37.548043
-15.097143,20,37.590325
-8.9,20,37.636762
6.131429,20,37.679028
-44.586667,20,37.721571
-1.9,20,37.762705
6.870333,20,37.804234
3.338036,20,37.843452
-62.983333,20,37.883868
1.118452,20,37.92626
17.520536,20,37.965603
2.436333,20,38.006085
-7.36,2,38.009497
9.936,20,38.046935
-16.41,20,38.085068
3.227167,20,38.127353
-5.52,20,38.167239
-21.45,20,38.210933
-21.45,20,38.250766
-5.045,20,38.291063
15.558667,20,38.333569
-10.6,20,38.371942
15.786667,20,38.416333
20.86,14,38.444245
-20.85,20,38.482551
2.97,20,38.523136
-148.752,20,38.561632
-7.4,20,38.599334
-21.55,20,38.641344
5.752,20,38.6819
-18.017333,20,38.721559
6.691667,20,38.760581
-7.4,20,38.797675
29.862946,20,38.839965
-5.116667,20,38.876426
9.75875,20,38.913047
-12.9965,20,38.95451
-61.140804,20,38.99269
-82.983333,20,39.034364
-65.915,20,39.072421
0.154333,20,39.111984
-0.1675,20,39.154106
2.547857,2,39.156878
-3.973333,20,39.197948
-11.696339,20,39.241106
-92.506316,20,39.279474
-4.66,20,39.319686
8.221429,20,39.362532
8.221429,20,39.404983
8.221429,20,39.448063
1.935357,20,39.490967
-0.364105,20,39.528387
-38.855368,20,39.57112
10.420714,20,39.611765
-2.570667,20,39.654073
-21.45,20,39.695
1.3755,20,39.734817
-13.496339,20,39.777543
19.29625,20,39.816225
8.901333,20,39.856027
-10.38,11,39.880012
6.942,20,39.922181
13.313333,20,39.966108
-2.901429,20,40.005702
2.341429,20,40.045998
-9.588036,20,40.087162
8.201339,20,40.127017
-7.415,20,40.171231
-13.496339,20,40.212597
1.317738,20,40.254801
-0.955,20,40.294431
1.25875,20,40.336448
2.518333,20,40.378575
-5.803333,20,40.417248
2.4,20,40.457045
-7.756,20,40.502972
-52.343333,20,40.545432
-11.109263,20,40.586989
12.466667,20,40.626703
-13.5965,20,40.669886
-36.718211,20,40.713172
1.0325,20,40.752939
-7.4,20,40.793522
1.317738,20,40.834816
-31.864632,20,40.880619
-7.15,20,40.922004
-6.8,20,40.96101
-9.6,20,41.002344
6.521399,20,41.052512
-27.63925,20,41.092996
-6.8,20,41.132994
-6.8,20,41.175503
-7.4,20,41.222955
-12.687,20,41.267418
-45.035368,20,41.335499
-2.420333,20,41.384726
-6.424746,20,41.431287
-22.79,20,41.470372
12.65625,20,41.512502
-7.4,20,41.561573
-1.9,20,41.607115
-7.4,20,41.647011
-15.097143,20,41.688851
-27.052105,20,41.733371
6.95375,20,41.776199
-4.845263,20,41.817895
-3.574,20,41.85803
-7.4,20,41.898478
-7.4,20,41.941567
12.466667,20,41.984026
15.378482,20,42.028154
15.378482,20,42.068587
-7.4,20,42.110428
-7.756,20,42.153123
-7.156,20,42.195818
-6.952679,20,42.241865
-13.287,20,42.282568
-9.813333,20,42.32701
-7.4,20,42.369127
-7.4,20,42.410106
-11.391333,20,42.731821
-7.4,20,42.772809
1.9475,20,42.810615
-7.4,20,42.852051
-21.45,20,42.894216
3.4875,20,42.939186
10.380268,20,42.980957
12.413333,20,43.019799
0.206667,20,43.06463
6.7175,20,43.10647
-13.228571,20,43.146395
-67.736071,20,43.185549
-1.944643,20,43.229172
11.788571,20,43.27123
10.458667,20,43.312359
-8.9,20,43.359878
21.917857,20,43.402529
3.0,20,43.440525
-15.097143,20,43.4824
5.475,20,43.523504
8.688839,20,43.567562
-21.45,20,43.607424
-7.4,20,43.644708
-8.754333,20,43.687253
-9.643333,20,43.72944
16.5925,20,43.776734
-21.45,20,43.815454
22.62,20,43.857402
-3.1805,20,43.899449
3.94,20,43.940339
-2.732,20,43.984239
21.60625,20,44.023905
19.287321,20,44.064269
-5.926429,20,44.101637
10.4725,20,44.139264
-27.052105,20,44.181463
-6.446748,20,44.222996
2.1,20,44.261891
13.313333,20,44.303551
15.16,2,44.306785
-13.287,20,44.348152
-14.828,20,44.388962
-12.687,20,44.428405
-19.449286,20,44.467266
19.59625,20,44.509062
0.806577,20,44.548855
3.4875,20,44.58954
-7.4,20,44.627512
-2.950833,20,44.667081
11.326667,20,44.709169
9.54,20,44.750275
-10.99,13,44.777465
19.530982,20,44.820479
-7.4,20,44.858206
-7.4,20,44.898381
-11.391333,20,44.939508
-7.4,20,44.979695
5.276667,20,45.021682
-0.865333,20,45.062511
-7.4,20,45.102959
-19.742857,20,45.142879
1.233333,20,45.183159
-21.45,20,45.225109
-21.45,20,45.266098
-9.612143,20,45.308733
-8.752857,20,45.349397
7.703571,20,45.389327
-11.416429,20,45.429977
-19.449286,20,45.470165
-7.4,20,45.510029
-7.4,20,45.549413
13.64125,20,45.588492
5.05625,20,45.629844
14.153333,20,45.671079
18.570982,20,45.714554
-12.64,18,45.748047
-61.501429,20,45.79004
1.183333,20,45.833211
-9.333333,20,45.873362
-5.752679,20,45.917637
11.532589,20,45.959578
20.767333,14,45.987951
-7.4,20,46.027989
-7.4,20,46.066507
-6.8,20,46.104136
12.472333,20,46.14499
7.86,20,46.184661
-0.359375,20,46.226282
-15.113333,20,46.268426
-13.287,20,46.308365
8.309333,20,46.353397
2.892,20,46.393279
10.140391,20,46.43733
-4.757321,20,46.478445
-7.4,20,46.518541
2.891845,20,46.561199
-12.412105,20,46.600109
11.334211,20,46.641095
2.685833,20,46.681329
9.92,20,46.720558
1.9,20,46.76504
9.886786,20,46.804825
-3.976212,20,46.845557
0.007833,20,46.885324
-10.08,20,46.9254
5.182143,20,46.969475
-12.992143,20,47.009312
-7.4,20,47.049658
-7.4,20,47.08825
3.388393,20,47.127
0.63,20,47.170184
-7.4,20,47.207478
-9.591333,20,47.251549
12.466667,20,47.292238
-7.4,20,47.331205
4.204,20,47.376141
-7.4,20,47.415078
4.926607,20,47.45651
12.413333,20,47.498401
2.893929,20,47.53951
-6.158,20,47.58169
-4.108929,20,47.621476
-7.36,2,47.624063
11.9,20,47.666801
2.133333,20,47.707145
-3.0705,20,47.747179
-2.193423,20,47.790491
20.79625,20,47.830925
-14.157368,20,47.872361
-9.200526,20,47.914002
10.266667,20,47.952923
9.732589,20,47.996197
11.606667,20,48.034948
11.532589,20,48.079602
-7.4,20,48.11763
-7.4,20,48.155627
9.132589,20,48.19921
11.023167,20,48.238855
-7.4,20,48.279552
-21.45,20,48.320388
0.85,20,48.362989
9.542167,20,48.406096
-22.79,20,48.444951
4.951833,20,48.485445
3.1755,20,48.525246
6.249167,20,48.565573
-4.85,20,48.609485
-7.4,20,48.647854
-7.4,20,48.687157
2.5,20,48.727773
3.316667,20,48.768072
9.732589,20,48.812175
13.585333,20,48.852813
-19.449286,20,48.894187
9.732589,20,48.934461
0.614737,20,48.974919
10.57,20,49.017795
-7.4,20,49.056634
0.85,20,49.097595
-7.4,20,49.136068
4.046667,20,49.176952
5.770667,20,49.218915
13.932589,20,49.261409
-1.685,20,49.305445
2.677643,20,49.34931
11.532589,20,49.390014
-6.3125,20,49.43276
-3.691,20,49.472986
-21.45,20,49.514178
-27.0,20,49.551841
-4.5265,11,49.573321
4.869821,20,49.615026
-13.5965,20,49.656513
-13.5965,20,49.696783
5.182143,20,49.739114
4.644,20,49.779063
13.908929,20,49.821614
4.582143,20,49.862108
5.66,20,49.90055
-1.293423,20,49.944307
-7.4,20,49.984386
44.006667,12,50.008953
-7.755664,20,50.05231
-7.4,20,50.090384
13.914732,20,50.133425
1.427167,20,50.172897
-3.598833,20,50.21425
9.732589,20,50.2572
5.621,20,50.297518
12.565321,20,50.341449
0.865333,20,50.385132
12.132589,20,50.426205
-6.8,20,50.469546
17.37625,20,50.508862
23.2,15,50.543161
-7.4,20,50.582478
-7.4,20,50.622854
-7.4,20,50.663255
28.053333,11,50.68363
-7.4,20,50.720837
-7.4,20,50.764414
-7.4,20,50.802052
-6.8,20,50.842267
-9.774737,20,50.88328
4.55,20,50.922225
-13.5965,20,50.965243
-12.408929,20,51.00431
9.581833,20,51.050077
-7.4,20,51.091432
6.037768,20,51.131492
1.317167,20,51.173673
-22.79,20,51.214959
-37.708421,20,51.258787
-3.805625,20,51.324301
8.086786,20,51.375286
-13.191821,20,51.414704
4.752333,20,51.45461
-2.887833,20,51.498334
-51.438895,20,51.538598
-3.773053,20,51.580612
23.22,20,51.622969
-1.534,20,51.664174
4.732857,20,51.704629
-24.176429,20,51.746152
-3.020833,20,51.787975
-7.4,20,51.828236
-7.4,20,51.867583
10.456429,20,51.906868
4.12,20,51.950379
10.538833,20,51.992487
-5.6,20,52.03285
-7.4,20,52.075285
39.310625,11,52.09937
-7.18,20,52.140436
-14.368929,20,52.183768
-13.932632,20,52.22245
-6.106786,20,52.264072
36.683571,18,52.303269
8.966667,20,52.344682
16.523214,20,52.390475
-2.785833,20,52.43301
-0.393333,20,52.473444
2.471071,4,52.484166
-7.4,20,52.524656
-7.4,20,52.565104
32.796637,11,52.587317
-7.4,20,52.627912
-21.45,20,52.66786
-6.2,20,52.709707
45.336667,6,52.722969
8.7875,20,52.76408
-9.3,20,52.806581
-3.4825,20,52.847643
-0.446833,20,52.888397
20.430982,20,52.932643
-4.738571,20,52.970814
-7.4,20,53.012931
-33.729263,20,53.327432
-1.046833,20,53.36803
-19.449286,20,53.40994
-29.593895,20,53.45252
11.525,20,53.493315
42.53625,14,53.523601
44.90625,17,53.561419
-12.456,20,53.601661
1.317167,20,53.643644
-7.047143,20,53.682309
2.1875,20,53.72435
3.733333,20,53.764808
0.256494,20,53.803022
-3.495667,20,53.845518
-10.66,12,53.868527
-7.4,20,53.909086
-0.681333,20,53.951509
-7.4,20,53.989149
21.952143,11,54.00891
-7.4,20,54.050756
-3.598833,20,54.088262
-7.4,20,54.129839
-7.4,20,54.168274
-18.305667,20,54.207521
-7.008929,20,54.250067
1.3755,20,54.291061
5.59875,20,54.33412
-11.37,14,54.366212
13.42,20,54.405323
-7.4,20,54.445708
25.87,13,54.469908
-2.8,20,54.510177
-7.4,20,54.550573
-19.097789,20,54.590517
7.066577,18,54.629543
1.3475,20,54.672114
-12.53,20,54.710626
45.68625,17,54.747284
45.68625,17,54.780771
45.68625,17,54.81532
-1.197667,20,54.856244
-7.4,20,54.895923
22.0725,20,54.934902
-7.4,20,54.976561
4.072857,20,55.015121
17.19,20,55.056079
5.306577,20,55.09603
-0.889,20,55.136213
29.96,5,55.148091
-0.772,20,55.187829
7.091964,20,55.226536
31.16,6,55.237914
2.789137,13,55.266483
-4.543333,11,55.288894
-5.143333,11,55.312934
4.787833,20,55.353236
-37.565526,20,55.396154
-78.263929,20,55.437378
-5.746316,20,55.477333
-7.4,20,55.515132
-9.299286,20,55.555935
40.171726,6,55.568971
-13.388571,20,55.610076
12.4725,20,55.651593
-7.4,20,55.693207
45.44625,19,55.734596
0.206577,20,55.777974
-7.065263,20,55.818369
10.12,20,55.860451
-1.76,20,55.901279
37.966667,11,55.924797
-0.477679,20,55.966183
-7.4,20,56.006817
-37.708421,20,56.048493
-10.005684,20,56.089751
10.6775,20,56.131108
2.849137,11,56.153547
-7.4,20,56.194815
12.901673,20,56.235771
-2.785833,20,56.276558
-7.4,20,56.31929
-7.4,20,56.35836
4.379137,10,56.381498
-13.287,20,56.425368
3.509137,9,56.443131
-7.4,20,56.481052
-3.487,20,56.522688
-7.4,20,56.561242
-0.45,20,56.604488
-2.053667,20,56.644906
32.35,5,56.657975
32.35,5,56.66853
-7.4,20,56.708659
-29.593895,20,56.749885
-2.784667,20,56.790979
-7.4,20,56.833748
0.276,20,56.873013
7.827585,20,56.915942
-25.929,20,56.957357
19.38875,20,56.996668
-7.4,20,57.038297
19.162143,14,57.065081
-17.163994,20,57.107235
17.842143,18,57.145574
18.832143,15,57.176634
-3.495667,20,57.21932
-3.598833,20,57.259122
1.3755,20,57.300056
-7.4,20,57.341799
36.948482,11,57.365026
16.382143,10,57.38839
29.34,12,57.417034
-3.292,20,57.459119
-4.01125,20,57.501949
-8.69,20,57.543347
46.792887,15,57.575184
1.650667,20,57.613851
4.068,20,57.656307
-5.335,20,57.693092
2.849137,11,57.71574
2.709833,20,57.760528
-7.4,20,57.800221
-70.3125,20,57.843893
1.415333,20,57.885432
-60.242857,20,57.923118
-7.4,20,57.964083
6.576842,20,58.003367
-9.083684,20,58.047699
-0.355,20,58.088363
-7.4,20,58.126271
-0.955,20,58.169145
-10.026316,20,58.209023
-1.220833,20,58.250603
9.335833,20,58.289605
-11.369474,20,58.329944
13.866071,20,58.376015
7.189286,20,58.417316
2.422,20,58.460082
-7.4,20,58.500763
-37.708421,20,58.544352
-7.4,20,58.583436
-7.4,20,58.624153
-28.5365,20,58.668802
-7.4,20,58.710643
38.598482,6,58.725725
-2.992167,20,58.771068
38.598482,6,58.783303
-7.4,20,58.829396
21.142143,8,58.847066
-7.4,20,58.891813
10.395167,20,58.931087
3.435,20,58.975725
-7.4,20,59.013992
-16.407143,20,59.053555
42.544018,13,59.086058
28.62,16,59.118762
4.496167,20,59.160872
9.732143,20,59.203173
2.014167,20,59.245131
-7.4,20,59.288635
-7.4,20,59.327487
-33.578833,20,59.371217
-2.895667,20,59.413145
32.35,5,59.424063
-7.4,20,59.462325
27.02,6,59.476835
5.6605,20,59.515355
27.35,5,59.528678
27.35,5,59.539677
-7.4,20,59.583113
36.516667,5,59.594202
-27.052105,20,59.636595
-7.4,20,59.677985
-11.357895,20,59.718193
-1.026786,20,59.761329
-13.641579,20,59.805788
6.551167,20,59.847227
6.369667,20,59.890315
-4.173667,20,59.928367
-22.105158,20,59.968262
-44.123684,20,60.009026
44.51625,12,60.034538
35.984732,11,60.057403
9.711833,20,60.100261
36.516667,5,60.10966
-8.226,20,60.150178
-60.24375,20,60.192735
-3.495667,20,60.234523
-3.495667,20,60.275754
-7.4,20,60.318783
-7.4,20,60.358931
-0.166842,20,60.404438
47.12625,5,60.414781
-12.85,20,60.455358
3.25,20,60.496902
-1.071667,20,60.536305
-7.4,20,60.574972
17.58875,20,60.618251
8.236667,12,60.641809
8.716577,13,60.672374
9.422857,20,60.712836
8.716577,13,60.738923
-35.169474,20,60.782351
9.376577,11,60.809785
-7.4,20,60.848879
46.28625,7,60.861145
18.675263,20,60.901379
14.305,20,60.94577
-7.4,20,60.986795
-3.495667,20,61.031829
-29.593895,20,61.075044
-17.979263,20,61.116721
-7.4,20,61.158205
21.43125,20,61.197752
-7.4,20,61.241563
-7.4,20,61.290373
-27.052105,20,61.353401
11.026577,6,61.369156
4.2075,20,61.413006
11.026577,6,61.427834
-11.392632,20,61.468281
10.12,20,61.509481
11.026577,6,61.525963
10.696577,7,61.54184
5.774333,20,61.580864
47.12625,5,61.590802
-7.4,20,61.637651
6.4675,20,61.67685
-33.87,5,61.685863
15.13,9,61.703664
14.8,10,61.725766
14.14,12,61.75489
-18.436316,20,61.795235
-7.4,20,61.838063
28.756667,15,61.870036
3.345833,20,61.91127
25.316667,5,61.92218
-2.134667,20,61.968936
-7.4,20,62.006953
-78.8175,20,62.052466
19.676667,8,62.069408
-7.4,20,62.107129
16.09,17,62.145399
14.933929,20,62.18637
-8.6725,20,62.22617
-13.025714,20,62.269629
-13.016786,20,62.313107
-6.523929,20,62.359724
-0.7225,20,62.402569
-8.6725,20,62.442071
-7.4,20,62.486362
12.56125,20,62.527992
0.728333,20,62.57156
-1.492,20,62.611734
8.013333,20,62.652041
0.045,20,62.696834
-0.656,20,62.736961
-5.922,20,62.782884
-27.39,20,62.820101
3.895833,20,62.860406
-44.123684,20,62.903166
-13.183571,20,62.944409
12.806667,20,62.989534
-12.922,20,63.032451
-7.4,20,63.073103
19.57125,20,63.114192
-7.4,20,63.152652
-7.4,20,63.195755
-7.4,20,63.233876
-9.32875,20,63.271952
6.55375,20,63.314725
10.486667,20,63.358284
-2.0575,20,63.40034
2.379667,20,63.442287
9.416833,20,63.486004
22.07875,20,63.528647
1.8675,20,63.56829
-7.4,20,63.61006
13.09125,20,63.648322
2.55,20,63.69013
-0.446833,20,64.010893
5.06,20,64.050774
13.932589,20,64.091136
-8.152679,20,64.134159
3.159821,20,64.17795
-9.68,20,64.225366
-7.4,20,64.266179
16.410982,20,64.311685
-2.005,20,64.351826
-10.056,20,64.396312
-0.833333,20,64.440839
-24.176429,20,64.481331
39.251588,17,64.517479
12.66,20,64.557998
9.534333,20,64.598362
9.451167,20,64.640942
-10.44,20,64.681062
-13.287,20,64.724566
-13.287,20,64.766674
-13.287,20,64.808304
-13.932632,20,64.850381
-27.052105,20,64.891409
-7.554333,20,64.930731
-27.052105,20,64.973627
14.305804,20,65.014233
19.23625,20,65.057623
16.25125,20,65.097285
44.67625,20,65.139912
1.125,20,65.181014
11.372333,20,65.222132
3.08,20,65.266735
-15.035263,20,65.309472
-34.365789,20,65.352471
10.237768,20,65.394413
1.50875,20,65.440254
13.75,20,65.482699
-0.6,20,65.523633
-12.084,20,65.567482
7.5585,20,65.608601
31.915714,14,65.641056
-10.868,20,65.680673
-1.095,20,65.719789
-0.961,20,65.762922
5.108125,20,65.806382
14.7625,20,65.848846
2.070167,20,65.890261
14.400333,20,65.930527
-7.4,20,65.971664
3.2375,20,66.012638
6.79,20,66.057282
6.0125,20,66.099221
-3.1,20,66.140088
20.632143,15,66.173446
56.175179,7,66.185275
34.425833,16,66.216262
11.2775,20,66.257853
14.2495,20,66.298006
25.766667,5,66.310344
7.6625,20,66.351693
-7.03,1,66.356073
4.325,20,66.400647
-7.4,20,66.439455
11.987667,20,66.481579
21.541429,20,66.520886
-2.5,20,66.560194
-1.4,20,66.604262
9.8215,20,66.643999
32.35,5,66.654118
15.05125,20,66.694288
21.07375,20,66.733433
32.02,6,66.747085
11.479464,20,66.79157
29.653571,5,66.802269
1.679167,20,66.841039
6.7645,20,66.881768
-11.391333,20,66.923779
29.653571,5,66.93391
-46.125536,20,66.977102
7.2,20,67.019334
18.18125,20,67.059881
6.7575,20,67.101414
38.778482,6,67.116484
-69.9475,20,67.15941
-7.27,9,67.180158
30.5,10,67.198727
12.101333,20,67.241669
9.213333,20,67.286166
46.31625,10,67.310077
-7.4,20,67.349674
1.317167,20,67.394957
-1.575,20,67.439079
1.317167,20,67.480324
-7.4,20,67.521281
32.35,5,67.530975
32.35,5,67.541138
10.690833,20,67.581692
23.11625,8,67.599525
-72.588571,20,67.638636
6.3055,20,67.678406
9.785714,20,67.720958
19.94,15,67.75215
-9.36,20,67.790974
8.145167,20,67.8327
10.394,20,67.871959
8.673167,20,67.914408
22.072143,7,67.930387
37.243214,7,67.945223
37.904732,7,67.958318
31.4,20,68.000563
-7.4,20,68.040154
-7.4,20,68.078605
-56.5275,20,68.121237
-7.4,20,68.161707
8.9865,20,68.200816
-4.18,20,68.242901
11.051167,20,68.282326
-27.052105,20,68.324271
0.107,20,68.36445
-11.432842,20,68.406402
-7.4,20,68.45135
-13.713333,20,68.492064
5.387333,20,68.536008
-7.4,20,68.574911
12.579,20,68.619191
-7.4,20,68.659415
-7.4,20,68.698523
-5.842857,20,68.74139
10.82,20,68.783098
16.1755,20,68.825285
-7.4,20,68.865944
-7.4,20,68.906183
-40.307895,20,68.950398
-3.598833,20,68.98903
-7.4,20,69.031071
-7.4,20,69.069556
-7.4,20,69.108051
-7.4,20,69.151271
-0.955,20,69.192059
7.6625,20,69.233692
19.110982,20,69.276081
2.77,20,69.316974
3.655,20,69.362429
-7.266667,20,69.405415
11.8775,20,69.455847
28.093571,17,69.4935
12.571167,20,69.534993
5.514023,20,69.579767
15.6925,20,69.621647
38.59,12,69.649345
13.771321,20,69.690473
5.746333,20,69.72957
-3.952679,20,69.775072
9.9425,20,69.816828
13.311833,20,69.860922
-7.4,20,69.900449
1.917167,20,69.941965
-3.952679,20,69.986278
11.7425,20,70.028214
12.9425,20,70.071787
9.25625,20,70.114245
11.976667,20,70.155794
8.7875,20,70.199507
-7.265,20,70.238289
-5.78,20,70.282396
-68.91,20,70.322198
14.7725,20,70.367417
2.693684,20,70.411405
19.065149,20,70.455844
9.2215,20,70.501823
-4.18,20,70.545152
-12.14,20,70.589906
-1.758036,20,70.633023
-9.382105,20,70.676413
-2.853333,20,70.715323
-11.678947,20,70.75749
12.933333,20,70.801586
4.545167,20,70.841569
17.266667,20,70.885698
12.401458,20,70.927486
0.895996,20,70.969276
20.430982,20,71.01181
9.476,20,71.06782
11.472632,20,71.113134
13.3925,20,71.155546
5.633333,20,71.198778
19.53125,20,71.242149
-29.085667,20,71.293213
-3.334667,20,71.355341
2.6205,20,71.401071
-7.4,20,71.443266
1.194737,20,71.483664
-8.35,5,71.493405
6.423863,20,71.536846
-11.391333,20,71.579165
-17.52,20,71.623754
-11.44875,20,71.664972
8.613333,20,71.709643
-12.64875,20,71.750353
13.964981,20,71.79109
9.9425,20,71.835156
11.381833,20,71.875558
4.582143,20,71.918038
5.218177,20,71.958657
9.213333,20,71.999439
12.666667,20,72.043541
-4.552679,20,72.083502
-3.515047,20,72.126207
55.605179,10,72.146104
13.932589,20,72.187236
-0.8,20,72.230577
22.012143,9,72.251495
-8.52,20,72.292587
16.309554,20,72.335323
-7.058947,20,72.376891
-7.4,20,72.417045
0.385,20,72.461954
-5.387368,20,72.503987
42.02625,15,72.539126
0.809137,19,72.58125
3.633333,20,72.622755
-14.484,20,72.667056
29.053333,6,72.680655
41.23,5,72.690512
-12.456,20,72.734842
31.438125,9,72.75349
-17.789368,20,72.794472
7.097679,16,72.828333
-5.746667,20,72.874138
-20.365,20,72.916234
-20.365,20,72.960436
-7.4,20,72.999739
-20.539368,20,73.043129
-3.598833,20,73.086178
-80.7775,20,73.126359
8.7425,20,73.169328
35.808482,13,73.195165
14.953684,20,73.236914
41.51625,16,73.273429
28.768667,16,73.305982
45.89625,12,73.330991
-2.64,4,73.338749
29.0925,15,73.37386
-9.364737,20,73.414325
12.413333,20,73.459942
5.009,20,73.500664
-5.81125,20,73.540728
25.65,9,73.561063
12.22,20,73.605293
30.566667,17,73.641949
38.0935,5,73.651312
31.226667,15,73.6854
-0.110818,20,73.727574
6.38,20,73.772177
12.0875,20,73.814222
3.1755,20,73.855357
46.88625,7,73.871491
6.1755,20,73.912479
-10.626316,20,73.952654
40.105,5,73.965475
0.3875,20,74.009675
9.685,20,74.051353
-2.1375,20,74.095397
25.37,11,74.115493
2.746667,19,74.156562
3.345167,20,74.20342
5.7275,20,74.250001
6.611645,20,74.294526
-27.052105,20,74.33976
5.2225,20,74.38952
36.516667,5,74.401442
-12.821579,20,74.450487
-27.052105,20,74.499875
4.6025,20,74.540642
0.001167,20,74.580285
10.899107,20,74.624635
-3.505,20,74.91853
16.1,20,74.959885
6.946333,20,75.000684
2.23,20,75.041392
1.0425,20,75.082097
-12.64875,20,75.124744
8.163393,20,75.166807
-17.681579,20,75.20892
3.003444,20,75.252265
-8.2,20,75.291972
19.301288,20,75.334611
-13.554962,20,75.377809
44.06625,11,75.402319
37.94,9,75.422255
46.40625,11,75.448307
-1.7,20,75.490225
18.607509,20,75.534606
5.738833,20,75.575219
-7.4,20,75.61574
46.64625,9,75.634736
5.873167,20,75.674905
32.291167,15,75.704576
10.245,20,75.747516
32.068667,6,75.762897
46.64625,9,75.781696
46.64625,9,75.799285
-1.295,20,75.843468
4.3,20,75.885283
4.7,20,75.928537
21.133333,14,75.958785
-2.1375,20,76.001186
22.665883,15,76.031781
11.69,17,76.068408
1.9575,20,76.107551
38.545,12,76.134155
-9.34,8,76.150163
8.7425,20,76.192282
19.53625,20,76.238354
36.6075,11,76.256973
-1.798833,20,76.297183
11.1425,20,76.341281
16.302669,20,76.385003
19.890982,20,76.431527
8.174333,20,76.476399
17.847321,20,76.518118
-7.4,20,76.559378
-2.998833,20,76.59947
12.546548,20,76.642644
8.9865,20,76.683187
3.5,20,76.723622
2.68,20,76.766323
-5.533333,20,76.806488
11.526667,20,76.851777
14.266667,20,76.892402
17.806,18,76.929353
4.925,20,76.973041
36.067293,19,77.01339
9.490327,20,77.057752
46.702,6,77.068007
9.4225,20,77.10892
4.848214,20,77.151045
1.952679,20,77.195676
1.318333,20,77.235975
8.7425,20,77.279082
8.7425,20,77.322079
2.442425,20,77.366137
9.4,20,77.408413
10.913,20,77.453954
5.585,20,77.502123
8.987667,20,77.543309
18.510982,20,77.586066
-16.866316,20,77.626507
-7.4,20,77.665605
14.353383,13,77.693761
41.54,6,77.707799
5.7275,20,77.749675
7.6225,20,77.79353
-74.0525,20,77.833745
17.277333,20,77.874784
13.313333,20,77.919081
10.091579,20,77.960492
11.766667,20,78.003894
3.94,20,78.046121
8.987667,20,78.088303
44.42,10,78.1094
-34.365789,20,78.150995
-16.127368,20,78.195283
45.77625,16,78.229485
45.44625,19,78.270679
2.1875,20,78.313762
45.44625,19,78.353329
5.1875,20,78.397196
37.4,7,78.412765
-6.00781,20,78.456396
25.693333,9,78.47475
33.876667,7,78.489173
3.126447,20,78.532435
46.40625,11,78.552289
33.1175,11,78.574767
6.4225,20,78.618422
18.18875,20,78.659005
5.2225,20,78.698391
30.1425,10,78.723152
-32.934737,20,78.762244
45.08625,9,78.780554
8.987667,20,78.826747
9.257,20,78.866958
-12.077425,20,78.907259
45.89625,12,78.932767
24.0875,20,78.97215
24.0875,20,79.015563
8.7875,20,79.056627
37.49,7,79.071759
-5.645,20,79.113945
12.564286,20,79.15457
12.9425,20,79.196811
37.086667,8,79.215927
29.185,18,79.250277
29.185,18,79.287073
20.430982,20,79.330819
19.848,20,79.371627
21.350348,20,79.412246
11.970526,20,79.457672
31.948667,10,79.478982
12.156842,20,79.528433
-4.867833,13,79.558556
13.391071,20,79.60343
46.40625,11,79.628114
4.8575,20,79.666833
31.915,17,79.699278
31.255,19,79.740949
46.64625,9,79.758285
-16.74,20,79.797803
27.8325,17,79.836235
-0.019643,20,79.876372
30.505,14,79.90372
46.40625,11,79.927809
-35.823839,10,79.949251
6.225,20,79.988395
3.9875,20,80.029196
15.06,20,80.071065
7.6625,20,80.111037
5.586667,20,80.153947
-27.052105,20,80.194644
43.253304,6,80.208549
-27.052105,20,80.250643
-0.8,20,80.291023
40.160982,19,80.327467
12.9425,20,80.371061
-3.8,20,80.412962
6.6825,20,80.456904
-8.6,20,80.498317
16.9375,20,80.541707
34.43,16,80.575293
5.2225,20,80.617971
10.732143,20,80.659047
46.55625,8,80.675698
46.88625,7,80.688308
21.78875,20,80.727651
-7.03,1,80.732005
0.086295,20,80.773753
-7.308421,20,80.812884
11.766002,20,80.854112
2.481421,20,80.895336
47.12625,5,80.906288
25.210667,7,80.921201
46.88625,7,80.933729
33.5675,6,80.947865
35.292167,5,80.960278
4.325,20,81.000811
35.856667,7,81.016896
16.564667,13,81.047658
35.196667,9,81.068267
1.3125,20,81.10731
-13.365789,20,81.14704
3.659137,14,81.179146
12.211457,20,81.222033
12.9775,19,81.260691
21.34,10,81.285989
35.856667,7,81.306885
8.880921,20,81.364224
-4.535,16,81.39698
-2.404737,20,81.436962
-4.393333,16,81.471551
29.5075,6,81.485305
30.8125,7,81.499928
-0.556617,20,81.539151
7.0175,20,81.583055
16.3375,20,81.624267
34.566833,5,81.633369
11.03125,20,81.6754
-3.288421,20,81.716164
-5.18,20,81.755156
-2.7,20,81.797732
3.1625,20,81.840188
3.279137,20,81.881669
-7.4,20,81.923829
6.117738,20,81.964653
25.9225,18,82.004421
2.68,20,82.045795
23.9025,11,82.06887
-15.684737,20,82.108112
14.29375,20,82.148669
25.135,15,82.17681
3.88,20,82.218644
32.56,9,82.238702
-7.4,20,82.276986
9.785,20,82.318624
9.3425,20,82.359739
53.445923,14,82.38748
8.7425,20,82.431206
30.2725,13,82.457872
1.317738,20,82.49898
-7.424571,20,82.542951
0.809137,19,82.582396
30.835,13,82.609962
-5.720863,20,82.652313
38.878125,15,82.682892
21.11875,20,82.724174
21.71875,20,82.766725
22.5,16,82.798359
22.836548,17,82.83593
30.505,14,82.864849
-74.4,20,82.904286
8.196429,20,82.948243
18.18875,20,82.990052
8.6225,20,83.032005
26.938482,18,83.067173
7.6875,20,83.108022
-5.204436,20,83.151
4.48,20,83.191526
32.245,16,83.224686
29.185,18,83.26303
-32.934737,20,83.303061
-3.222462,20,83.346336
-4.224211,20,83.386651
33.5225,18,83.425944
22.176548,19,83.467005
-26.06,13,83.492751
36.71,10,83.514647
14.8325,20,83.559842
-9.2,20,83.600903
1.3325,20,83.645014
35.172667,15,83.674424
6.64,20,83.714684
8.174333,20,83.757976
-11.6425,20,83.797745
-15.88,20,83.842564
12.666667,20,83.884677
30.175,15,83.912393
30.175,15,83.94527
10.14,20,83.98476
12.67,20,84.025017
4.48,20,84.068505
4.833333,20,84.106825
18.18875,20,84.148626
3.18247,20,84.190017
12.5325,20,84.228403
8.609286,20,84.270243
20.69875,20,84.310784
4.48,20,84.355258
33.025,10,84.376838
-0.47,6,84.387542
-28.195,20,84.42685
20.257274,20,84.47005
17.33125,20,84.511609
-10.6,20,84.555647
26.106548,18,84.595813
-29.593895,20,84.635976
-2.18,12,84.661852
26.0615,14,84.688165
-18.8325,20,84.727528
43.406667,12,84.75278
-8.44,20,84.795511
-19.472,20,84.836322
9.587667,20,84.878217
13.113333,20,84.917543
0.28,20,84.95796
8.7425,20,85.00063
29.9225,18,85.038155
30.175,15,85.066317
-2.1225,20,85.108885
32.3675,14,85.138353
-5.2475,20,85.179793
7.7,20,85.220098
13.1,20,85.260501
14.3,20,85.301349
-3.772,20,85.342426
8.8,20,85.679144
10.831571,20,85.721475
-13.6775,20,85.76213
45.716667,5,85.772227
-7.4,20,85.812986
18.539667,14,85.84272
-25.32,20,85.881789
20.729667,11,85.905194
-7.4,20,85.945053
15.9075,20,85.985843
4.318333,20,86.028242
47.5325,13,86.056288
45.327321,6,86.068193
20.519667,8,86.08407
0.3225,20,86.126088
-31.693947,20,86.166692
-1.5675,20,86.210166
32.2925,9,86.22633
32.2925,9,86.246428
16.107857,20,86.283923
33.475,5,86.294611
-9.1,20,86.33693
29.5075,6,86.349066
10.875,20,86.390266
-14.419895,20,86.430258
33.475,5,86.444048
33.475,5,86.453101
-8.02,4,86.46208
33.475,5,86.472643
33.475,5,86.482279
39.6425,13,86.513353
6.130592,20,86.553417
4.833333,20,86.593309
4.48,20,86.636971
-17.942857,20,86.676807
50.548333,6,86.686967
-7.4,20,86.729509
-11.023,15,86.760612
6.478961,20,86.799881
42.17,6,86.810601
-3.41,20,86.854753
32.26,18,86.891776
0.63,20,86.934064
-8.2,17,86.967945
-4.405625,20,87.009406
5.025,20,87.053714
4.535357,20,87.092578
8.346548,20,87.135361
9.678482,20,87.177043
6.225,20,87.215964
9.14563,20,87.257494
14.515028,20,87.298018
4.406071,20,87.339187
17.227321,20,87.379925
48.405923,16,87.413635
4.7125,20,87.456126
1.677143,20,87.499546
15.8525,20,87.541746
30.505,14,87.572613
39.565,5,87.582113
42.746667,14,87.610569
-8.1,20,87.652462
-2.997,20,87.69201
-30.789368,20,87.732026
5.2875,20,87.775569
22.700333,19,87.815551
16.183374,20,87.858292
53.595923,19,87.897663
-0.026786,20,87.938564
3.717167,20,87.979483
6.225,20,88.015775
29.6525,17,88.050927
11.677752,20,88.092036
-22.217528,20,88.131758
34.2085,7,88.148915
-9.713147,20,88.189229
-8.34278,20,88.231464
-2.972,20,88.273548
13.26,20,88.314248
-9.36,20,88.356071
14.1725,20,88.397844
-1.57125,20,88.437354
17.514732,20,88.481482
1.917167,20,88.521818
1.917167,20,88.565912
29.9825,16,88.599426
2.83,20,88.6412
33.415,7,88.656158
12.66,20,88.699403
11.270333,20,88.739659
10.670333,20,88.782869
-1.809474,20,88.826118
38.425,11,88.847336
-7.4,20,88.889929
6.686667,20,88.929257
22.4,20,88.973846
5.1875,20,89.01724
-2.0325,6,89.030165
-10.66,20,89.068523
16.1,20,89.111627
32.785,8,89.12831
0.7325,20,89.169392
-7.131161,20,89.211282
-6.5625,15,89.241302
31.165,12,89.266622
-7.84875,20,89.308421
-3.124737,20,89.350552
13.769167,20,89.397323
5.4575,20,89.440946
-7.4,20,89.484624
-30.789368,20,89.522526
9.6,20,89.561891
5.43,20,89.605678
5.722105,20,89.644628
20.859412,20,89.685537
2.625536,20,89.727985
29.185,18,89.764789
34.97,15,89.797861
2.625536,20,89.840251
12.715,20,89.881214
37.989167,13,89.909455
29.845,16,89.942449
20.912603,20,89.9822
8.7875,20,90.025368
-7.4,20,90.066724
5.43,20,90.109674
-1.6475,20,90.149636
-20.868421,20,90.187349
37.73,13,90.218062
11.9,20,90.258549
15.615,20,90.297256
17.7,20,90.340435
9.7925,20,90.381494
10.14,20,90.426615
-24.555526,20,90.468372
-3.551786,20,90.514911
23.067628,20,90.556155
18.8175,20,90.596768
18.0125,20,90.639094
10.176667,20,90.678517
24.5065,20,90.722553
9.508,20,90.764151
6.686667,20,90.805495
5.1875,20,90.848362
15.8,20,90.891023
33.175,15,90.924666
11.644013,20,90.963586
-11.302105,20,91.003254
21.653806,20,91.052566
20.1325,20,91.092937
8.625,20,91.136133
19.5325,20,91.176578
5.1875,20,91.219088
5.1875,20,91.262035
27.725,20,91.322648
14.83265,20,91.375067
-12.12,20,91.417558
23.42,16,91.453336
11.38,20,91.495401
10.425,20,91.53511
-5.9,20,91.578294
12.666667,20,91.618516
11.3,20,91.662202
35.381667,11,91.688266
34.781667,11,91.713241
15.806667,20,91.758912
-7.86,20,91.803576
-2.654408,20,91.848498
13.26,20,91.8958
13.26,20,91.939229
8.073571,20,91.981889
4.8325,20,92.023288
23.665179,20,92.068345
15.806667,20,92.111196
19.83125,20,92.155982
21.26,20,92.200283
21.666667,20,92.2416
37.765,16,92.27697
18.99,20,92.318589
1.4,20,92.363877
6.686667,20,92.407941
-47.95,20,92.450538
10.14,20,92.497844
16.4025,20,92.538405
-11.343333,20,92.582225
10.14,20,92.623209
37.73,6,92.634049
21.899,20,92.677088
3.52,20,92.716953
38.06,5,92.726202
13.88,20,92.766267
8.2875,20,92.808243
15.806667,20,92.849042
-2.31,3,92.855785
14.811786,20,92.899686
12.884947,20,92.94136
23.210808,20,92.984096
-3.279474,3,92.990805
8.2875,20,93.030927
18.70125,20,93.070001
38.15,5,93.084074
8.466667,20,93.124653
38.4375,4,93.133244
-4.04875,20,93.175138
28.06,18,93.218268
33.475,5,93.228065
3.558929,20,93.269927
8.272,20,93.314747
20.43125,20,93.353962
12.666667,20,93.39796
32.026667,16,93.431143
36.183304,15,93.462916
12.474211,20,93.510412
15.3375,20,93.552104
13.95,20,93.592385
2.427321,20,93.635542
28.24,16,93.668333
5.518333,20,93.711346
1.0195,20,93.752367
-5.003214,20,93.791795
10.14,20,93.835127
3.52,20,93.874274
-21.821429,20,93.917037
8.809821,20,93.958214
2.4,20,93.999204
-14.071429,15,94.034935
14.360714,20,94.077446
-10.828571,20,94.122285
17.43125,20,94.167224
12.666667,20,94.207424
1.287857,20,94.253843
39.3825,4,94.262429
9.889643,20,94.305157
31.165,12,94.334055
19.83125,20,94.375378
32.485,8,94.393173
-3.976212,20,94.43911
42.93375,19,94.475725
17.9125,15,94.508363
18.2025,20,94.553035
18.8025,20,94.59517
20.1325,20,94.640236
2.405263,20,94.680035
33.415,7,94.694882
2.235,20,94.735522
33.475,5,94.745762
-3.976212,20,94.787194
5.1875,20,94.827852
32.8925,9,94.848194
12.666667,20,94.889471
20.962083,20,94.930571
33.415,7,94.948741
9.4,20,94.989283
-56.64375,20,95.029579
-8.5,20,95.071707
7.605122,20,95.113827
5.36,20,95.158827
12.666667,20,95.200264
2.68,20,95.239116
-0.68,20,95.280495
33.475,5,95.291373
52.006071,12,95.317981
3.9875,20,95.36165
12.666667,20,95.403274
33.475,5,95.414224
33.475,5,95.426674
-0.205625,20,95.469101
32.155,9,95.486981
8.146333,20,95.529361
14.6025,20,95.572167
26.872632,12,95.5955
18.265,20,95.637037
5.8825,20,95.680619
11.3,20,95.721275
31.7275,19,95.763519
5.258,20,95.804106
-2.770427,20,95.844043
0.048214,20,95.888519
6.672686,20,95.928069
-1.232519,20,95.970567
43.219034,8,95.987419
23.025,10,96.006553
31.274,4,96.015126
23.295,11,96.038042
-6.3,20,96.080856
5.7725,20,96.123415
0.515,20,96.165673
20.43125,20,96.207887
9.880179,20,96.527232
18.8025,20,96.566363
25.727667,12,96.593166
26.057667,11,96.616237
25.727667,12,96.641673
11.3,20,96.682261
6.87125,20,96.724022
15.765,20,96.763255
2.536429,20,96.806249
2.536429,20,96.848487
0.812763,20,96.891776
36.315833,4,96.900329
-6.290179,20,96.941571
36.315833,4,96.950267
-12.514652,20,96.99038
-9.89,20,97.033603
-1.025,20,97.073534
11.1675,20,97.114376
18.495,20,97.155362
3.525,20,97.195016
14.318214,20,97.238275
14.606667,20,97.27817
-0.574833,20,97.31956
13.26,20,97.362302
18.085,20,97.409449
12.666667,20,97.45299
35.921167,4,97.462374
18.8025,20,97.50809
-3.952679,20,97.549553
10.670333,20,97.592325
11.270333,20,97.634348
12.666667,20,97.676848
0.659192,20,97.721335
42.765686,11,97.744051
35.921167,4,97.752466
-8.422105,20,97.793473
-31.247368,20,97.83464
6.66,20,97.87619
-0.962321,20,97.920032
-6.94,20,97.96056
-15.408036,20,98.002883
16.111,20,98.045967
18.8025,20,98.085283
32.155,9,98.10573
32.755,9,98.126274
27.735,16,98.158586
16.530982,20,98.199394
-1.669286,20,98.241622
15.466667,20,98.282114
14.084821,20,98.322763
16.530982,20,98.36484
37.1215,5,98.374669
18.235652,20,98.418092
-0.551786,20,98.461336
-44.125263,20,98.502069
9.4,20,98.547167
13.259821,20,98.589141
-30.1805,20,98.629765
8.749286,20,98.675001
0.4195,20,98.715383
-19.097789,20,98.758882
1.76,20,98.79947
21.78875,20,98.843925
39.06625,8,98.861309
31.1625,16,98.895426
33.145,6,98.909796
33.475,5,98.921258
26.32,11,98.947685
18.283333,19,98.98643
31.1625,16,99.022577
27.187167,6,99.037844
35.084611,7,99.055548
-0.909784,11,99.078992
28.99,17,99.114238
27.187167,6,99.126192
31.366667,18,99.165716
30.7,20,99.206864
8.2275,20,99.245941
14.865,12,99.272069
-2.275,20,99.310457
34.86,13,99.337461
33.145,6,99.347812
33.475,5,99.362227
24.163929,15,99.390825
33.415,7,99.406399
33.415,7,99.421859
33.475,5,99.431651
34.830982,20,99.474962
-10.693684,20,99.519523
17.505,20,99.562332
0.339577,20,99.604699
10.975893,20,99.644514
35.921167,4,99.654013
18.0125,20,99.698344
-2.00735,20,99.740358
8.466667,20,99.78359
3.899013,20,99.825364
-33.8375,20,99.86835
19.606667,12,99.892567
20.519667,8,99.909876
20.849667,7,99.926395
20.189667,9,99.944105
16.4025,20,99.989694
46.4,4,99.998702
46.4,4,100.007781
-30.89,20,100.048816
-7.890947,20,100.093163
16.530982,20,100.13591
-3.55375,20,100.181083
28.236964,20,100.221784
0.223788,20,100.263963
-9.17625,20,100.309393
-0.1805,20,100.35107
1.0195,20,100.397242
16.365,20,100.438391
2.1225,20,100.482303
20.816333,17,100.520344
1.318333,20,100.562363
-18.79,20,100.605175
-4.529643,20,100.646088
3.560833,20,100.69268
18.802321,20,100.732961
0.841071,20,100.775516
5.215714,20,100.818533
14.541,20,100.862382
8.145167,20,100.905306
-11.514286,20,100.945478
22.02,20,100.987998
8.146333,20,101.034575
12.666667,20,101.079574
1.918333,20,101.123173
15.095179,20,101.165619
-11.743158,20,101.213822
-4.872857,20,101.254338
-7.4,20,101.314882
8.145167,20,101.36854
16.530982,20,101.412654
16.23125,20,101.454968
-20.773684,20,101.496059
45.05,13,101.529916
-18.628571,20,101.573149
18.205,20,101.615191
12.666667,20,101.657048
12.666667,20,101.699428
23.355,9,101.721462
-11.32,14,101.746871
23.415,7,101.763658
7.630357,8,101.781695
20.43125,20,101.828925
2.645,20,101.868468
-1.4,20,101.91178
-7.4,20,101.95412
15.585,20,101.994898
-7.4,20,102.038841
17.370982,20,102.080332
-7.4,20,102.121432
-8.16,20,102.163798
3.8,20,102.205465
52.021786,19,102.247207
33.9425,4,102.256133
23.196476,20,102.300009
35.960982,19,102.340814
9.741,20,102.381277
4.833333,20,102.424421
-7.4,20,102.466267
-7.4,20,102.505243
6.686667,20,102.549071
-3.551786,20,102.589545
13.365,20,102.630506
-2.963393,20,102.67203
-2.951786,20,102.71215
36.548,7,102.724132
-6.9,20,102.768605
-7.36,2,102.773675
38.5275,4,102.782985
27.98,11,102.805276
38.5275,4,102.81476
45.35625,18,102.852804
-7.4,20,102.892339
14.066786,20,102.93357
37.4515,4,102.942836
37.4515,4,102.953529
37.4515,4,102.962094
-7.4,20,103.000359
37.4515,4,103.009255
37.4515,4,103.017695
35.234333,6,103.031426
3.4,20,103.074221
39.050226,17,103.10832
36.950982,16,103.141196
35.5905,4,103.1499
37.841607,16,103.183652
35.921167,4,103.193769
31.003333,11,103.216558
12.466979,20,103.259545
32.683333,15,103.287258
34.2555,4,103.29647
3.9725,20,103.334743
39.470982,16,103.370574
13.965,20,103.411676
45.68625,17,103.449343
-16.324632,2,103.45209
5.3825,20,103.495915
-29.593895,20,103.539262
21.1415,8,103.556894
21.4715,7,103.57376
38.810982,14,103.601683
40.280982,15,103.63186
37.4515,4,103.641068
39.242585,14,103.671299
-23.624842,20,103.711089
-6.8,20,103.749955
-21.373947,20,103.793039
19.890982,20,103.834852
22.594333,15,103.865257
16.530982,20,103.918585
11.387064,20,103.963608
42.11,17,104.004155
38.140301,18,104.038773
12.765,20,104.079696
37.0614,19,104.117317
41.680348,19,104.155352
36.620982,17,104.191888
36.950982,16,104.223428
-2.954211,20,104.264051
33.9425,4,104.272309
17.58875,20,104.315507
-31.434737,20,104.354285
2.629135,20,104.398136
37.4515,4,104.407312
-17.842632,20,104.449375
12.13,14,104.477195
18.030333,7,104.496448
18.030333,7,104.511863
34.6035,5,104.523746
-7.4,20,104.56263
38.428095,6,104.576578
33.867833,7,104.58868
34.2555,4,104.600177
33.8975,5,104.614333
-4.520863,20,104.661937
16.23125,20,104.708808
33.83,19,104.744213
45.68625,17,104.781965
38.5275,4,104.791074
13.365,20,104.834681
14.690714,20,104.874351
24.518482,20,104.916666
33.949167,5,104.92734
-22.6,20,104.967903
-9.36,20,105.008381
44.33625,12,105.03332
46.831429,13,105.059333
36.315833,4,105.067941
15.592058,20,105.109081
36.950982,16,105.142525
34.208833,6,105.156697
34.208833,6,105.167909
19.38875,20,105.211148
25.210667,7,105.226851
5.982211,20,105.267464
29.02,16,105.301084
33.8975,5,105.313347
33.5675,6,105.327058
15.8025,20,105.367827
-7.4,20,105.406032
4.48,20,105.45119
25.210667,7,105.464458
25.150667,9,105.486
23.587649,17,105.524177
15.61,20,105.565153
13.859286,20,105.605237
-7.4,20,105.64599
33.6425,12,105.670133
16.530982,20,105.710537
-22.058842,20,105.752283
-8.76,20,105.7932
13.505,20,105.836976
25.2925,19,105.875073
-51.86,20,105.915003
-1.075,20,105.959591
1.033333,20,105.998145
16.23125,20,106.039274
-11.3,20,106.078276
41.1725,5,106.087824
5.912179,20,106.126461
-1.6,20,106.167998
23.61625,20,106.208488
-1.205,20,106.250929
45.62625,19,106.288261
-27.052105,20,106.326751
50.72875,12,106.354609
41.8525,19,106.392463
-22.577054,16,106.424321
16.4725,20,106.467524
17.1375,20,106.507232
11.113393,20,106.552306
37.1215,5,106.56464
45.44625,19,106.602509
-15.684737,20,106.640154
37.4515,4,106.65196
37.1215,5,106.663737
-7.69,3,106.667666
37.5025,19,106.706506
23.43625,20,106.747965
-10.118421,20,106.789959
41.483304,19,106.829627
33.8975,5,106.840266
33.931167,4,106.849217
13.590564,20,106.89237
17.7325,20,106.933686
51.45125,17,106.969519
37.4515,4,106.978611
37.1215,5,106.990497
21.32,16,107.022785
-22.732321,13,107.046677
