time/fps,time/time_elapsed,time/episodes,rollout/ep_rew_mean,rollout/ep_len_mean,time/total_timesteps,rollout/exploration_rate,train/learning_rate,train/n_updates,train/loss,eval/mean_reward,eval/mean_ep_length
986,0,4,-25.9026935,17.5,70,0.9966750000000001,,,,,
1019,0,8,-24.171371875,14.75,118,0.9943949999999999,,,,,
1046,0,12,-33.94858416666667,15.833333333333334,190,0.9909749999999999,,,,,
1050,0,16,-18.6912379375,15.4375,247,0.9882675000000001,,,,,
1068,0,20,-19.23536175,15.55,311,0.9852275,,,,,
1067,0,24,-16.42594158333333,16.0,384,0.98176,,,,,
1077,0,28,-21.130989357142855,16.142857142857142,452,0.9785299999999999,,,,,
455,1,32,-17.91080490625,16.21875,519,0.9753474999999999,0.0005,4,6.557710647583008,,
451,1,36,-16.678649055555557,16.22222222222222,584,0.9722599999999999,0.0005,20,5.510660171508789,,
461,1,40,-18.694023400000003,16.125,645,0.9693624999999999,0.0005,36,3.5462417602539062,,
471,1,44,-19.45246309090909,16.09090909090909,708,0.9663700000000002,0.0005,51,5.848768711090088,,
482,1,48,-21.3094476875,16.416666666666668,788,0.96257,0.0005,71,6.459214687347412,,
490,1,52,-19.36490775,16.384615384615383,852,0.9595300000000001,0.0005,87,7.073297500610352,,
495,1,56,-19.245450910714286,16.285714285714285,912,0.95668,0.0005,102,5.633964538574219,,
499,1,60,-18.330146733333336,15.966666666666667,958,0.9544950000000001,0.0005,114,4.9687018394470215,,
502,1,64,-16.47101659375,15.5625,996,0.9526899999999999,0.0005,123,7.663784980773926,,
506,2,68,-15.262736161764709,15.382352941176471,1046,0.9503149999999999,0.0005,136,5.830554485321045,,
507,2,72,-15.383125236111109,14.930555555555555,1075,0.9489375000000001,0.0005,143,5.741268157958984,,
509,2,76,-15.717001407894735,14.473684210526315,1100,0.94775,0.0005,149,3.113178014755249,,
511,2,80,-13.861609787500004,14.2625,1141,0.9458025000000001,0.0005,160,4.969409942626953,,
510,2,84,-13.635657285714288,13.928571428571429,1170,0.9444250000000001,0.0005,167,6.245029926300049,,
514,2,88,-15.122229545454546,14.090909090909092,1240,0.9410999999999999,0.0005,184,4.594043731689453,,
514,2,92,-14.562219565217392,13.804347826086957,1270,0.939675,0.0005,192,4.745657444000244,,
515,2,96,-13.479918989583334,13.479166666666666,1294,0.938535,0.0005,198,6.245976448059082,,
515,2,100,-13.291262579999998,13.12,1312,0.93768,0.0005,202,5.583773612976074,,
518,2,104,-12.578294839999998,12.85,1355,0.9356375,0.0005,213,4.414634704589844,,
519,2,108,-12.799198080000002,12.77,1395,0.9337374999999999,0.0005,223,4.908125400543213,,
520,2,112,-10.808519800000001,12.33,1423,0.9324075,0.0005,230,4.68833065032959,,
522,2,116,-11.443994150000002,12.19,1466,0.930365,0.0005,241,4.770853042602539,,
522,2,120,-10.94576805,11.75,1486,0.9294150000000001,0.0005,246,5.269540786743164,,
523,2,124,-10.841510219999998,11.33,1517,0.9279424999999999,0.0005,254,8.635305404663086,,
523,2,128,-8.807977990000001,10.74,1526,0.927515,0.0005,256,9.623567581176758,,
522,2,132,-8.806172440000001,10.21,1540,0.9268499999999998,0.0005,259,11.235766410827637,,
523,2,136,-8.43616338,9.71,1555,0.9261375,0.0005,263,8.034355163574219,,
523,3,140,-7.68600689,9.53,1598,0.924095,0.0005,274,8.17224407196045,,
523,3,144,-7.1448146,9.15,1623,0.9229074999999999,0.0005,280,5.939359664916992,,
526,3,148,-6.77244847,8.95,1683,0.9200575,0.0005,295,4.665474891662598,,
528,3,152,-8.61827244,8.94,1746,0.9170650000000001,0.0005,311,4.503942966461182,,
531,3,156,-10.46255236,8.98,1810,0.914025,0.0005,327,3.617459297180176,,
533,3,160,-11.119903139999998,9.29,1887,0.9103675,0.0005,346,4.146543025970459,,
534,3,164,-12.016283780000004,9.46,1942,0.9077550000000001,0.0005,360,4.909919738769531,,
536,3,168,-12.843433550000002,9.48,1994,0.9052849999999999,0.0005,373,3.9315590858459473,,
538,3,172,-12.42505993,9.88,2063,0.9020075000000001,0.0005,390,5.8848419189453125,,
540,3,176,-13.082149590000004,10.41,2141,0.8983025000000001,0.0005,410,3.6757636070251465,,
542,4,180,-16.043957680000002,10.74,2215,0.8947875,0.0005,428,4.592727184295654,,
544,4,184,-16.26266795,11.25,2295,0.8909874999999999,0.0005,448,3.7823939323425293,,
546,4,188,-14.20485772,11.3,2370,0.887425,0.0005,467,5.424330711364746,,
547,4,192,-15.30089808,11.5,2420,0.88505,0.0005,479,3.5247230529785156,,
548,4,196,-16.38678459,11.96,2490,0.8817250000000001,0.0005,497,3.6023173332214355,,
549,4,200,-16.24266869,12.41,2553,0.8787325,0.0005,513,4.630983352661133,,
551,4,204,-16.81687501,12.64,2619,0.8755975,0.0005,529,5.556369304656982,,
552,4,208,-16.65289505,12.87,2682,0.872605,0.0005,545,4.560046195983887,,
553,4,212,-16.11680576,13.25,2748,0.86947,0.0005,561,3.8960375785827637,,
554,5,216,-16.215429509999993,13.46,2812,0.8664300000000001,0.0005,577,3.862178325653076,,
555,5,220,-17.92571198,14.06,2892,0.86263,0.0005,597,5.0733489990234375,,
555,5,224,-19.121965069999998,14.36,2953,0.8597325,0.0005,613,4.631970405578613,,
556,5,228,-19.958313529999998,14.93,3019,0.8565975,0.0005,629,5.874045372009277,,
556,5,232,-19.784291989999996,15.44,3084,0.8535100000000001,0.0005,645,6.490842819213867,,
557,5,236,-20.67999941,15.91,3146,0.850565,0.0005,661,3.2722201347351074,,
558,5,240,-21.969870199999995,16.15,3213,0.8473825,0.0005,678,5.461317539215088,,
558,5,244,-21.753021419999996,16.37,3260,0.84515,0.0005,689,7.113950729370117,,
558,5,248,-20.267611419999998,16.26,3309,0.8428225,0.0005,702,2.9653186798095703,,
559,6,252,-18.30887774,16.25,3371,0.8398774999999999,0.0005,717,4.598790168762207,,
560,6,256,-18.32199734,16.17,3427,0.8372175,0.0005,731,5.416268348693848,,
560,6,260,-17.88249214,16.05,3492,0.83413,0.0005,747,3.933340549468994,,
561,6,264,-17.08872631,16.26,3568,0.83052,0.0005,766,5.2134294509887695,,
561,6,268,-16.361587999999998,16.42,3636,0.82729,0.0005,783,5.850673198699951,,
561,6,272,-16.58059625,16.47,3710,0.8237749999999999,0.0005,802,6.359723091125488,,
561,6,276,-17.41683394,16.24,3765,0.8211624999999999,0.0005,816,4.9148640632629395,,
562,6,280,-15.26219295,16.02,3817,0.8186925,0.0005,829,5.78377103805542,,
562,6,284,-16.204061009999993,15.85,3880,0.8157000000000001,0.0005,844,3.4943506717681885,,
562,6,288,-16.67117978,15.62,3932,0.8132299999999999,0.0005,857,4.035920143127441,,
563,7,292,-15.955165380000004,15.65,3985,0.8107125000000001,0.0005,871,4.63319206237793,,
563,7,296,-15.846376399999999,15.48,4038,0.8081950000000002,0.0005,884,5.932899475097656,,
563,7,300,-16.07976007,15.24,4077,0.8063425000000002,0.0005,894,3.932943105697632,,
564,7,304,-15.80677764,14.92,4111,0.8047275000000002,0.0005,902,4.901177406311035,,
562,7,308,-14.470893459999997,14.97,4179,0.8014975000000001,0.0005,919,5.185336589813232,,
562,7,312,-17.352874609999997,14.73,4221,0.7995025000000002,0.0005,930,4.645547866821289,,
561,7,316,-19.6370014,14.68,4280,0.7967,0.0005,944,3.3669614791870117,,
560,7,320,-19.718804079999998,14.52,4344,0.7936600000000001,0.0005,960,5.873891830444336,,
560,7,324,-18.744168520000002,14.54,4407,0.7906675000000001,0.0005,976,3.954508066177368,,
560,7,328,-18.01595465,14.52,4471,0.7876274999999999,0.0005,992,3.756645441055298,,
561,8,332,-18.96657119,14.45,4529,0.7848725000000001,0.0005,1007,5.889853000640869,,
561,8,336,-17.927425579999998,14.12,4558,0.7834949999999999,0.0005,1014,4.959146022796631,,
561,8,340,-16.03489558,13.96,4609,0.7810725,0.0005,1027,2.9037652015686035,,
561,8,344,-16.860128919999998,14.29,4689,0.7772725,0.0005,1047,2.1572701930999756,,
561,8,348,-16.427448180000003,14.55,4764,0.7737099999999999,0.0005,1065,3.0935211181640625,,
561,8,352,-17.954239360000003,14.59,4830,0.770575,0.0005,1082,3.1767995357513428,,
562,8,356,-15.897819359999998,14.8,4907,0.7669175,0.0005,1101,4.4690046310424805,,
562,8,360,-17.050445350000004,14.8,4972,0.7638300000000001,0.0005,1117,3.3505430221557617,,
,,,,,5000,0.7625475000000002,0.0005,1124,3.2349066734313965,1.5438002000000002,20.0
544,9,364,-19.13905296,14.74,5042,0.760505,0.0005,1135,3.6366703510284424,,
544,9,368,-19.17106765,14.68,5104,0.7575600000000001,0.0005,1150,4.567272186279297,,
543,9,372,-18.399910100000003,14.57,5167,0.7545675000000001,0.0005,1166,2.4528892040252686,,
543,9,376,-16.19865751,14.78,5243,0.7509575000000002,0.0005,1185,4.80209493637085,,
543,9,380,-16.830795750000004,14.63,5280,0.7492,0.0005,1194,3.9574389457702637,,
542,9,384,-15.95249777,14.53,5333,0.7466825000000001,0.0005,1208,5.804414749145508,,
542,9,388,-16.42087102,14.63,5395,0.7437375,0.0005,1223,5.298657417297363,,
542,10,392,-17.76517339,14.58,5443,0.7414575000000001,0.0005,1235,2.8165059089660645,,
542,10,396,-16.41122182,14.56,5494,0.7390350000000001,0.0005,1248,5.8663763999938965,,
542,10,400,-16.6036018,14.93,5570,0.7354250000000002,0.0005,1267,2.3238162994384766,,
542,10,404,-15.809571240000002,15.39,5650,0.731625,0.0005,1287,4.232624053955078,,
542,10,408,-15.82074084,15.39,5718,0.7283949999999999,0.0005,1304,5.436595916748047,,
542,10,412,-13.921050000000001,15.67,5788,0.7250700000000001,0.0005,1321,4.6302385330200195,,
542,10,416,-13.82783857,15.86,5866,0.721365,0.0005,1341,5.4645209312438965,,
542,10,420,-11.417224599999999,15.98,5942,0.7177549999999999,0.0005,1360,5.8072614669799805,,
543,11,424,-12.377808700000001,16.06,6013,0.7143824999999999,0.0005,1378,3.8941967487335205,,
543,11,428,-13.94974483,16.22,6093,0.7105825000000001,0.0005,1398,3.3807077407836914,,
543,11,432,-14.412386260000003,16.44,6173,0.7067825000000001,0.0005,1418,4.641098976135254,,
543,11,436,-14.04989408,16.73,6231,0.7040275000000001,0.0005,1432,5.1558380126953125,,
544,11,440,-14.236684199999997,16.95,6304,0.7005600000000001,0.0005,1450,1.8906149864196777,,
544,11,444,-13.344738839999998,16.95,6384,0.69676,0.0005,1470,3.672255516052246,,
544,11,448,-13.847554820000001,16.85,6449,0.6936725000000001,0.0005,1487,3.558366298675537,,
544,11,452,-12.984089210000002,16.91,6521,0.6902525,0.0005,1505,5.698655605316162,,
544,12,456,-14.48482,16.71,6578,0.6875450000000001,0.0005,1519,3.8795738220214844,,
544,12,460,-13.44398068,16.67,6639,0.6846475000000001,0.0005,1534,2.944075584411621,,
544,12,464,-11.77627617,16.56,6698,0.6818450000000001,0.0005,1549,4.910843372344971,,
545,12,468,-12.398983260000001,16.52,6756,0.67909,0.0005,1563,4.314669609069824,,
544,12,472,-14.12369993,16.69,6836,0.6752900000000002,0.0005,1583,5.395723342895508,,
544,12,476,-14.047761279999998,16.41,6884,0.6730099999999999,0.0005,1595,3.0797762870788574,,
544,12,480,-13.458164779999999,16.73,6953,0.6697325000000002,0.0005,1613,3.2807602882385254,,
544,12,484,-13.360475999999998,16.94,7027,0.6662175,0.0005,1631,5.911388874053955,,
544,13,488,-12.261650099999997,17.08,7103,0.6626075000000001,0.0005,1650,3.1936898231506348,,
544,13,492,-10.345795469999999,17.38,7181,0.6589025000000001,0.0005,1670,4.535480499267578,,
544,13,496,-10.628090960000002,17.47,7241,0.6560525000000001,0.0005,1685,5.312143802642822,,
544,13,500,-10.362640240000001,17.51,7321,0.6522525,0.0005,1705,6.475716590881348,,
544,13,504,-11.083242320000002,17.06,7356,0.65059,0.0005,1713,5.103570938110352,,
544,13,508,-12.959093129999996,17.02,7420,0.6475500000000001,0.0005,1729,5.012422561645508,,
544,13,512,-12.591832669999999,16.91,7479,0.6447474999999999,0.0005,1744,2.9639649391174316,,
545,13,516,-10.130751120000003,16.78,7544,0.6416599999999999,0.0005,1760,2.7401750087738037,,
545,13,520,-11.783628689999999,16.64,7606,0.6387149999999999,0.0005,1776,5.19150972366333,,
545,14,524,-12.50224316,16.36,7649,0.6366725,0.0005,1787,3.297441244125366,,
544,14,528,-10.27056152,16.08,7701,0.6342025,0.0005,1800,3.0717945098876953,,
545,14,532,-12.542238419999999,16.08,7781,0.6304025000000001,0.0005,1820,3.0438778400421143,,
545,14,536,-14.549268320000001,16.12,7843,0.6274575,0.0005,1835,2.167503833770752,,
545,14,540,-15.810907730000004,16.13,7917,0.6239425,0.0005,1854,3.266071319580078,,
545,14,544,-16.088250799999997,15.73,7957,0.6220424999999999,0.0005,1864,4.540395736694336,,
545,14,548,-15.790816620000003,15.88,8037,0.6182425,0.0005,1884,3.3873448371887207,,
545,14,552,-15.536408400000001,15.9,8111,0.6147275,0.0005,1902,3.2100167274475098,,
545,14,556,-14.215532599999996,15.97,8175,0.6116875000000002,0.0005,1918,3.977705240249634,,
545,15,560,-14.01651482,16.01,8240,0.6085999999999998,0.0005,1934,3.229410171508789,,
545,15,564,-15.234566949999998,15.84,8282,0.6066050000000001,0.0005,1945,3.8206472396850586,,
545,15,568,-14.053474569999997,16.06,8362,0.6028049999999999,0.0005,1965,3.4133787155151367,,
546,15,572,-12.646537330000001,15.76,8412,0.6004300000000002,0.0005,1977,3.8902859687805176,,
545,15,576,-14.190506339999999,16.08,8492,0.59663,0.0005,1997,5.121885299682617,,
545,15,580,-13.952443920000002,16.08,8561,0.5933525,0.0005,2015,3.655510902404785,,
545,15,584,-15.170477829999998,16.06,8633,0.5899325,0.0005,2033,2.518887996673584,,
545,15,588,-15.512644200000002,15.78,8681,0.5876525,0.0005,2045,4.792605400085449,,
545,15,592,-15.906047430000001,15.49,8730,0.5853250000000001,0.0005,2057,2.823293685913086,,
545,16,596,-16.162243680000003,15.64,8805,0.5817625,0.0005,2076,3.598562240600586,,
545,16,600,-16.11097746,15.64,8885,0.5779625000000002,0.0005,2096,4.200791835784912,,
545,16,604,-15.980453630000005,16.09,8965,0.5741624999999999,0.0005,2116,5.475028991699219,,
545,16,608,-14.582104009999998,16.1,9030,0.5710750000000001,0.0005,2132,3.3483214378356934,,
545,16,612,-14.67059506,16.31,9110,0.567275,0.0005,2152,2.4458415508270264,,
545,16,616,-15.239314469999997,16.33,9177,0.5640925,0.0005,2169,3.180738925933838,,
545,16,620,-15.16261086,16.51,9257,0.5602925000000001,0.0005,2189,2.765099048614502,,
545,17,624,-14.571396499999997,16.88,9337,0.5564925000000001,0.0005,2209,4.499521255493164,,
544,17,628,-16.498257470000002,17.14,9415,0.5527875,0.0005,2228,3.9076995849609375,,
544,17,632,-14.667708400000002,16.95,9476,0.54989,0.0005,2243,2.9196252822875977,,
544,17,636,-14.17511124,16.99,9542,0.5467550000000001,0.0005,2260,2.49499773979187,,
542,17,640,-12.235080520000002,17.05,9622,0.5429550000000002,0.0005,2280,4.337891578674316,,
542,17,644,-12.528641060000002,17.4,9697,0.5393925,0.0005,2299,3.403172016143799,,
542,17,648,-13.5503497,17.19,9756,0.5365900000000001,0.0005,2313,4.70751428604126,,
542,18,652,-13.399504660000002,16.98,9809,0.5340725,0.0005,2327,3.5447816848754883,,
542,18,656,-13.063475630000001,16.99,9874,0.530985,0.0005,2343,3.3570451736450195,,
542,18,660,-12.354857299999999,17.01,9941,0.5278025000000001,0.0005,2360,3.3959617614746094,,
,,,,,10000,0.5250474999999999,0.0005,2374,3.036015510559082,-15.2305952,20.0
533,18,664,-12.965919320000001,17.39,10021,0.5240024999999999,0.0005,2380,2.6029181480407715,,
533,18,668,-13.396724680000002,17.37,10099,0.5202975,0.0005,2399,2.6642417907714844,,
533,19,672,-13.733939150000001,17.63,10175,0.5166875,0.0005,2418,2.7388782501220703,,
533,19,676,-11.712644560000001,17.63,10255,0.5128874999999999,0.0005,2438,3.5510573387145996,,
534,19,680,-11.739910729999998,17.74,10335,0.5090875000000001,0.0005,2458,3.83457612991333,,
534,19,684,-9.806790479999998,17.46,10379,0.5069975,0.0005,2469,3.1791417598724365,,
534,19,688,-10.650012859999997,17.53,10434,0.5043850000000001,0.0005,2483,4.546632289886475,,
534,19,692,-9.94238664,17.61,10491,0.5016775,0.0005,2497,2.9667510986328125,,
534,19,696,-11.488624800000002,17.57,10562,0.4983050000000001,0.0005,2515,5.243677139282227,,
534,19,700,-10.901629779999999,17.3,10615,0.49578750000000027,0.0005,2528,3.012519359588623,,
534,19,704,-10.441955210000001,17.12,10677,0.49284249999999996,0.0005,2544,3.2806169986724854,,
534,20,708,-11.029492980000002,17.14,10744,0.4896600000000001,0.0005,2560,4.1461052894592285,,
534,20,712,-12.547834540000002,17.06,10816,0.4862399999999999,0.0005,2578,4.562809944152832,,
534,20,716,-12.225787279999999,17.19,10896,0.4824400000000001,0.0005,2598,2.6754722595214844,,
534,20,720,-11.149770150000002,16.94,10951,0.4798275000000001,0.0005,2612,1.6686668395996094,,
534,20,724,-10.31108357,16.75,11012,0.4769300000000001,0.0005,2627,3.10615873336792,,
534,20,728,-9.208907380000001,16.62,11077,0.47384250000000017,0.0005,2644,3.8208184242248535,,
534,20,732,-7.71157646,16.69,11145,0.4706125000000001,0.0005,2661,3.208873987197876,,
534,20,736,-8.22486873,16.83,11225,0.46681249999999996,0.0005,2681,3.5415029525756836,,
534,21,740,-8.932768600000001,16.68,11290,0.46372500000000005,0.0005,2697,3.8785288333892822,,
534,21,744,-8.72143655,16.73,11370,0.4599249999999999,0.0005,2717,5.408139228820801,,
534,21,748,-8.351730670000002,16.94,11450,0.4561250000000001,0.0005,2737,1.9984596967697144,,
534,21,752,-8.559894780000002,17.21,11530,0.452325,0.0005,2757,2.5167651176452637,,
534,21,756,-9.011083500000002,17.36,11610,0.4485250000000002,0.0005,2777,3.4012184143066406,,
534,21,760,-9.48975148,17.49,11690,0.44472500000000004,0.0005,2797,3.596681594848633,,
534,22,764,-9.49953572,17.45,11766,0.44111500000000015,0.0005,2816,3.643615484237671,,
534,22,768,-9.60042272,17.13,11812,0.43893000000000004,0.0005,2827,3.607661485671997,,
534,22,772,-8.80875216,16.68,11843,0.43745750000000017,0.0005,2835,2.2727341651916504,,
533,22,776,-9.723183549999998,16.47,11902,0.434655,0.0005,2850,5.053534507751465,,
533,22,780,-10.288109499999997,16.32,11967,0.4315675000000001,0.0005,2866,3.7815685272216797,,
533,22,784,-11.69472082,16.46,12025,0.42881250000000026,0.0005,2881,3.5873141288757324,,
533,22,788,-10.947887829999997,16.27,12061,0.42710250000000005,0.0005,2890,2.1040823459625244,,
533,22,792,-11.283453210000003,16.49,12140,0.42335,0.0005,2909,3.6141672134399414,,
533,22,796,-10.916541749999999,16.58,12220,0.4195500000000002,0.0005,2929,5.437707901000977,,
533,23,800,-11.212399909999998,16.67,12282,0.4166050000000001,0.0005,2945,4.711511611938477,,
533,23,804,-11.331997189999997,16.85,12362,0.412805,0.0005,2965,2.8011765480041504,,
533,23,808,-10.434365369999998,16.92,12436,0.40928999999999993,0.0005,2983,4.0128021240234375,,
533,23,812,-8.52132235,16.7,12486,0.40691500000000014,0.0005,2996,3.544970750808716,,
533,23,816,-8.804890239999999,16.64,12560,0.4034000000000001,0.0005,3014,3.0226964950561523,,
533,23,820,-11.80987239,16.89,12640,0.39959999999999996,0.0005,3034,1.4912590980529785,,
533,23,824,-10.71775773,16.98,12710,0.39627500000000004,0.0005,3052,2.9733095169067383,,
533,23,828,-11.627970440000002,17.08,12785,0.3927125,0.0005,3071,2.791797637939453,,
533,24,832,-12.168581270000002,17.2,12865,0.3889125000000001,0.0005,3091,2.1596145629882812,,
533,24,836,-10.7513696,16.77,12902,0.387155,0.0005,3100,2.8553876876831055,,
533,24,840,-9.93911092,16.78,12968,0.3840199999999999,0.0005,3116,3.7491676807403564,,
533,24,844,-9.118027689999998,16.74,13044,0.38041,0.0005,3135,3.3681910037994385,,
533,24,848,-9.35237887,16.74,13124,0.37661,0.0005,3155,3.103879690170288,,
533,24,852,-9.42944976,16.57,13187,0.37361750000000016,0.0005,3171,3.624614715576172,,
533,24,856,-8.74619397,16.5,13260,0.3701500000000001,0.0005,3189,2.58992862701416,,
533,25,860,-9.63033694,16.4,13330,0.3668250000000002,0.0005,3207,3.2840471267700195,,
533,25,864,-8.4166964,16.44,13410,0.36302500000000015,0.0005,3227,2.178375005722046,,
532,25,868,-8.75598347,16.78,13490,0.3592249999999999,0.0005,3247,3.3452138900756836,,
532,25,872,-10.58745977,17.27,13570,0.3554250000000002,0.0005,3267,2.63596773147583,,
532,25,876,-10.43757513,17.41,13643,0.35195750000000015,0.0005,3285,3.3146698474884033,,
532,25,880,-10.22272994,17.55,13722,0.348205,0.0005,3305,2.8877198696136475,,
532,25,884,-9.03832706,17.63,13788,0.3450700000000001,0.0005,3321,2.2336204051971436,,
532,26,888,-8.586093920000001,17.9,13851,0.3420774999999999,0.0005,3337,2.6212353706359863,,
532,26,892,-10.125001999999999,17.91,13931,0.3382775000000001,0.0005,3357,1.9450563192367554,,
532,26,896,-8.912671300000001,17.8,14000,0.33499999999999996,0.0005,3374,2.642019271850586,,
532,26,900,-9.09806129,17.79,14061,0.33210249999999997,0.0005,3390,3.727545976638794,,
532,26,904,-8.35136046,17.77,14139,0.3283975,0.0005,3409,3.3015995025634766,,
532,26,908,-8.5766506,17.77,14213,0.3248825000000002,0.0005,3428,3.064060688018799,,
531,26,912,-8.467487910000001,18.07,14293,0.32108250000000005,0.0005,3448,3.577986001968384,,
531,26,916,-9.084382160000002,17.84,14344,0.31866000000000005,0.0005,3460,2.4470672607421875,,
531,27,920,-6.747455490000002,17.84,14424,0.3148599999999998,0.0005,3480,3.0023558139801025,,
531,27,924,-7.568983950000001,17.94,14504,0.3110600000000001,0.0005,3500,3.0915937423706055,,
531,27,928,-6.242354010000001,17.99,14584,0.3072600000000002,0.0005,3520,3.601706027984619,,
531,27,932,-5.7094558200000005,17.99,14664,0.30346000000000006,0.0005,3540,2.2021284103393555,,
530,27,936,-5.539034749999998,18.42,14744,0.29966000000000004,0.0005,3560,3.1280391216278076,,
530,27,940,-5.977694280000001,18.56,14824,0.2958599999999999,0.0005,3580,3.5148303508758545,,
530,28,944,-6.741197970000002,18.6,14904,0.2920600000000001,0.0005,3600,2.5531957149505615,,
530,28,948,-7.14745267,18.6,14984,0.2882600000000002,0.0005,3620,3.1028735637664795,,
,,,,,15000,0.28754750000000007,0.0005,3624,2.5355637073516846,-12.530000000000001,20.0
525,28,952,-6.6395816100000005,18.52,15039,0.28564749999999994,0.0005,3634,3.387449026107788,,
525,28,956,-6.51898035,18.59,15119,0.28184750000000003,0.0005,3654,3.4102916717529297,,
525,28,960,-6.1875268000000005,18.58,15188,0.2785700000000001,0.0005,3671,2.1457486152648926,,
524,29,964,-5.17127466,18.58,15268,0.27476999999999985,0.0005,3691,2.7909512519836426,,
524,29,968,-4.7410058300000015,18.58,15348,0.27097000000000004,0.0005,3711,1.9104063510894775,,
524,29,972,-3.41164429,18.55,15425,0.26731250000000006,0.0005,3731,2.586517333984375,,
524,29,976,-3.9026161100000003,18.58,15501,0.26370250000000006,0.0005,3750,2.9596476554870605,,
524,29,980,-4.63361053,18.55,15577,0.2600925000000003,0.0005,3769,2.918120861053467,,
524,29,984,-4.502273400000002,18.68,15656,0.2563399999999999,0.0005,3788,1.9532972574234009,,
524,30,988,-5.897348820000001,18.82,15733,0.25268250000000014,0.0005,3808,2.4998462200164795,,
524,30,992,-4.915670629999999,18.82,15813,0.24888250000000012,0.0005,3828,2.636202335357666,,
524,30,996,-5.06767992,18.93,15893,0.24508249999999998,0.0005,3848,3.8299176692962646,,
524,30,1000,-5.292828679999999,19.12,15973,0.24128249999999984,0.0005,3868,2.8331727981567383,,
524,30,1004,-6.289881889999999,19.07,16046,0.2378150000000001,0.0005,3886,2.3090341091156006,,
524,30,1008,-6.59375268,18.89,16102,0.23515500000000011,0.0005,3900,1.872207760810852,,
523,30,1012,-6.651762789999999,18.86,16179,0.23149750000000013,0.0005,3919,1.7865620851516724,,
523,31,1016,-5.982806479999999,18.98,16242,0.22850500000000007,0.0005,3935,2.666788101196289,,
523,31,1020,-4.822499619999999,18.79,16303,0.22560750000000007,0.0005,3950,2.969902992248535,,
523,31,1024,-4.7115807,18.79,16383,0.22180749999999994,0.0005,3970,1.8527703285217285,,
523,31,1028,-4.8366674,18.79,16463,0.21800750000000002,0.0005,3990,2.772045850753784,,
523,31,1032,-4.978039749999999,18.62,16526,0.21501500000000018,0.0005,4006,2.287250280380249,,
523,31,1036,-5.8455724899999995,18.62,16606,0.21121500000000015,0.0005,4026,3.276611566543579,,
523,31,1040,-6.02875439,18.3,16654,0.20893499999999998,0.0005,4038,1.7598934173583984,,
523,31,1044,-5.41072439,18.3,16734,0.20513500000000018,0.0005,4058,2.9674746990203857,,
523,32,1048,-4.885384599999999,18.04,16788,0.20256999999999992,0.0005,4071,3.837977647781372,,
523,32,1052,-5.252762710000001,18.29,16868,0.19877,0.0005,4091,2.623255491256714,,
522,32,1056,-4.85142687,18.08,16927,0.19596749999999996,0.0005,4106,2.4041695594787598,,
522,32,1060,-4.31063944,18.19,17007,0.19216750000000005,0.0005,4126,3.1752939224243164,,
522,32,1064,-4.35508889,18.19,17087,0.18836750000000024,0.0005,4146,3.2902679443359375,,
522,32,1068,-5.033913180000001,18.19,17167,0.1845675000000001,0.0005,4166,2.4370861053466797,,
522,33,1072,-4.94700494,18.22,17247,0.18076749999999997,0.0005,4186,3.8944101333618164,,
521,33,1076,-4.0722056,18.26,17327,0.17696749999999994,0.0005,4206,2.4287357330322266,,
521,33,1080,-3.13415345,18.3,17407,0.17316750000000003,0.0005,4226,3.7985944747924805,,
521,33,1084,-3.4072108400000003,18.31,17487,0.16936750000000023,0.0005,4246,4.046128749847412,,
521,33,1088,-3.1891203599999995,18.34,17567,0.1655675000000001,0.0005,4266,4.692142486572266,,
521,33,1092,-2.4349108099999994,18.2,17633,0.1624325000000001,0.0005,4283,2.3976588249206543,,
521,33,1096,-2.8820314,18.2,17713,0.15863250000000007,0.0005,4303,1.8627381324768066,,
520,34,1100,-2.8099413299999996,18.2,17793,0.15483249999999993,0.0005,4323,2.4163432121276855,,
520,34,1104,-2.8983347800000003,18.27,17873,0.15103250000000012,0.0005,4343,3.0276951789855957,,
520,34,1108,-2.6780243299999995,18.33,17935,0.14808750000000004,0.0005,4358,4.416408538818359,,
520,34,1112,-3.34165469,18.36,18015,0.1442874999999999,0.0005,4378,2.8147048950195312,,
520,34,1116,-3.0667234899999998,18.47,18089,0.14077250000000008,0.0005,4397,2.7268881797790527,,
520,34,1120,-5.059418679999999,18.66,18169,0.13697249999999994,0.0005,4417,2.597846031188965,,
520,35,1124,-5.2503495,18.66,18249,0.13317249999999992,0.0005,4437,2.674203634262085,,
520,35,1128,-5.056637069999999,18.66,18329,0.1293725000000001,0.0005,4457,1.6868622303009033,,
520,35,1132,-7.14190011,18.83,18409,0.1255725000000002,0.0005,4477,2.248548984527588,,
520,35,1136,-6.4517448700000015,18.65,18471,0.12262749999999989,0.0005,4492,2.3999619483947754,,
520,35,1140,-7.3117957,18.97,18551,0.11882750000000009,0.0005,4512,2.8148646354675293,,
519,35,1144,-7.190971270000002,18.97,18631,0.11502750000000017,0.0005,4532,2.4072108268737793,,
519,36,1148,-7.36387957,19.23,18711,0.11122750000000015,0.0005,4552,3.243725538253784,,
519,36,1152,-7.07199034,19.23,18791,0.1074274999999999,0.0005,4572,2.270756244659424,,
519,36,1156,-7.40374951,19.35,18862,0.10405500000000012,0.0005,4590,2.743800640106201,,
519,36,1160,-7.335150550000001,19.35,18942,0.10025499999999987,0.0005,4610,2.961430549621582,,
519,36,1164,-7.733563410000001,19.35,19022,0.09645500000000018,0.0005,4630,3.218343734741211,,
518,36,1168,-7.289587689999999,19.35,19102,0.09265500000000026,0.0005,4650,1.5862343311309814,,
518,36,1172,-7.930215459999999,19.35,19182,0.08885500000000013,0.0005,4670,1.8076486587524414,,
518,37,1176,-8.35929453,19.35,19262,0.08505499999999999,0.0005,4690,2.065586566925049,,
518,37,1180,-8.98713847,19.35,19342,0.08125499999999997,0.0005,4710,2.4991917610168457,,
518,37,1184,-9.136218759999998,19.35,19422,0.07745500000000005,0.0005,4730,3.349175214767456,,
517,37,1188,-9.01587244,19.35,19502,0.07365500000000025,0.0005,4750,2.27854585647583,,
517,37,1192,-9.53294097,19.49,19582,0.06985500000000022,0.0005,4770,2.6147103309631348,,
516,38,1196,-9.776189639999998,19.49,19662,0.06605499999999997,0.0005,4790,2.1182003021240234,,
516,38,1200,-9.502061789999999,19.49,19742,0.06225499999999995,0.0005,4810,2.292039632797241,,
516,38,1204,-8.72474536,19.49,19822,0.058455000000000035,0.0005,4830,2.0192508697509766,,
516,38,1208,-8.911323819999998,19.67,19902,0.05465500000000023,0.0005,4850,5.095286846160889,,
516,38,1212,-8.755677149999999,19.67,19982,0.050855000000000095,0.0005,4870,2.0444676876068115,,
,,,,,20000,0.050047500000000134,0.0005,4874,1.960805892944336,-1.8881999,20.0
512,39,1216,-9.41416882,19.73,20062,0.05,0.0005,4890,2.5171098709106445,,
512,39,1220,-7.625537810000002,19.73,20142,0.05,0.0005,4910,1.8543899059295654,,
512,39,1224,-8.094705900000001,19.73,20222,0.05,0.0005,4930,3.4699795246124268,,
511,39,1228,-8.251730239999999,19.73,20302,0.05,0.0005,4950,3.3520240783691406,,
511,39,1232,-5.868416729999999,19.73,20382,0.05,0.0005,4970,2.530341148376465,,
511,39,1236,-6.14318524,19.91,20462,0.05,0.0005,4990,1.9472531080245972,,
511,40,1240,-5.055581310000001,19.91,20542,0.05,0.0005,5010,1.8673006296157837,,
511,40,1244,-5.039384910000001,19.91,20622,0.05,0.0005,5030,1.5265321731567383,,
511,40,1248,-4.54701883,19.91,20702,0.05,0.0005,5050,1.6314853429794312,,
511,40,1252,-4.46652042,19.73,20764,0.05,0.0005,5065,1.7725995779037476,,
511,40,1256,-5.138772319999999,19.82,20844,0.05,0.0005,5085,2.364609718322754,,
511,40,1260,-4.90926637,19.82,20924,0.05,0.0005,5105,3.0385780334472656,,
511,41,1264,-4.72125952,19.75,20997,0.05,0.0005,5124,3.5086302757263184,,
510,41,1268,-4.70145303,19.75,21077,0.05,0.0005,5144,2.49349045753479,,
510,41,1272,-4.1595154,19.75,21157,0.05,0.0005,5164,2.829402446746826,,
510,41,1276,-4.35593091,19.75,21237,0.05,0.0005,5184,2.077939033508301,,
510,41,1280,-4.02256317,19.75,21317,0.05,0.0005,5204,1.9536397457122803,,
510,41,1284,-3.8814650199999994,19.75,21397,0.05,0.0005,5224,3.4019875526428223,,
510,42,1288,-2.9546323599999997,19.73,21475,0.05,0.0005,5243,2.8327202796936035,,
510,42,1292,-3.46908848,19.73,21555,0.05,0.0005,5263,2.4152982234954834,,
510,42,1296,-2.77959678,19.67,21629,0.05,0.0005,5282,3.4312901496887207,,
510,42,1300,-2.5592120700000005,19.67,21709,0.05,0.0005,5302,2.0038328170776367,,
510,42,1304,-3.0894383800000007,19.67,21789,0.05,0.0005,5322,2.661712169647217,,
510,42,1308,-2.78804244,19.67,21869,0.05,0.0005,5342,2.303586006164551,,
510,43,1312,-2.2937597200000006,19.67,21949,0.05,0.0005,5362,1.8380132913589478,,
509,43,1316,-1.97313732,19.67,22029,0.05,0.0005,5382,3.796492099761963,,
509,43,1320,-2.2743483300000005,19.67,22109,0.05,0.0005,5402,2.7556281089782715,,
509,43,1324,-1.6417596500000002,19.67,22189,0.05,0.0005,5422,2.188473701477051,,
509,43,1328,-1.7589922599999996,19.67,22269,0.05,0.0005,5442,2.451695680618286,,
509,43,1332,-1.7836107100000005,19.67,22349,0.05,0.0005,5462,2.6372480392456055,,
509,43,1336,-1.5517250599999999,19.49,22411,0.05,0.0005,5477,2.9005966186523438,,
509,44,1340,-1.45626013,19.49,22491,0.05,0.0005,5497,2.839778423309326,,
509,44,1344,-1.68618401,19.49,22571,0.05,0.0005,5517,2.715601921081543,,
509,44,1348,-1.5706043200000004,19.49,22651,0.05,0.0005,5537,2.503617525100708,,
509,44,1352,-1.89881261,19.67,22731,0.05,0.0005,5557,1.9836053848266602,,
509,44,1356,-1.3707597499999997,19.67,22811,0.05,0.0005,5577,3.162141799926758,,
509,44,1360,-1.5639163499999997,19.67,22891,0.05,0.0005,5597,3.0259532928466797,,
509,45,1364,-1.55168213,19.74,22971,0.05,0.0005,5617,2.581597328186035,,
509,45,1368,-1.4402448900000004,19.74,23051,0.05,0.0005,5637,2.8142142295837402,,
508,45,1372,-1.3701582300000004,19.74,23131,0.05,0.0005,5657,2.257722854614258,,
508,45,1376,-0.5354137600000004,19.74,23211,0.05,0.0005,5677,2.5299954414367676,,
508,45,1380,-0.27256786000000033,19.74,23291,0.05,0.0005,5697,1.9375803470611572,,
508,45,1384,-0.5475542899999998,19.65,23362,0.05,0.0005,5715,3.47947359085083,,
508,46,1388,-0.97262851,19.67,23442,0.05,0.0005,5735,2.859215259552002,,
508,46,1392,0.009989060000000041,19.67,23522,0.05,0.0005,5755,1.9638246297836304,,
508,46,1396,0.04949987000000002,19.65,23594,0.05,0.0005,5773,2.1028544902801514,,
508,46,1400,0.13252684,19.65,23674,0.05,0.0005,5793,2.8635945320129395,,
508,46,1404,0.6163592700000001,19.65,23754,0.05,0.0005,5813,1.9894115924835205,,
508,46,1408,0.87137262,19.6,23829,0.05,0.0005,5832,4.190184593200684,,
508,47,1412,0.81462656,19.51,23900,0.05,0.0005,5849,2.2217965126037598,,
508,47,1416,0.42269512,19.51,23980,0.05,0.0005,5869,2.1299283504486084,,
508,47,1420,0.5568591599999999,19.51,24060,0.05,0.0005,5889,1.9972379207611084,,
507,47,1424,0.4363245799999999,19.51,24140,0.05,0.0005,5909,2.393345832824707,,
507,47,1428,-0.02665956999999997,19.51,24220,0.05,0.0005,5929,1.5698260068893433,,
507,47,1432,-0.6884727400000001,19.51,24300,0.05,0.0005,5949,1.417478322982788,,
507,48,1436,-0.6087791699999999,19.69,24380,0.05,0.0005,5969,2.131049156188965,,
507,48,1440,-0.8590798099999998,19.69,24460,0.05,0.0005,5989,1.7678529024124146,,
507,48,1444,-0.8089050999999999,19.69,24540,0.05,0.0005,6009,1.6403241157531738,,
507,48,1448,-0.85400702,19.6,24611,0.05,0.0005,6027,1.799473762512207,,
506,48,1452,-0.20639791999999968,19.58,24689,0.05,0.0005,6047,2.2222094535827637,,
506,48,1456,-0.21301886999999972,19.42,24753,0.05,0.0005,6063,2.7148120403289795,,
506,48,1460,-0.21929916999999996,19.33,24824,0.05,0.0005,6080,4.4363789558410645,,
506,49,1464,0.08544993999999985,19.19,24890,0.05,0.0005,6097,1.6505465507507324,,
506,49,1468,0.1582469899999998,19.19,24970,0.05,0.0005,6117,2.047290086746216,,
,,,,,25000,0.05,0.0005,6124,2.6858415603637695,-3.4373334,20.0
503,49,1472,-0.42420683000000003,19.19,25050,0.05,0.0005,6137,3.4777746200561523,,
503,49,1476,0.048879989999999866,19.1,25121,0.05,0.0005,6155,3.326420783996582,,
503,50,1480,-0.15317208999999996,19.1,25201,0.05,0.0005,6175,1.680023193359375,,
503,50,1484,0.22623630000000045,19.11,25273,0.05,0.0005,6193,1.244147539138794,,
503,50,1488,0.46461297000000046,19.02,25344,0.05,0.0005,6210,2.0849547386169434,,
503,50,1492,-0.021951849999999773,19.02,25424,0.05,0.0005,6230,1.6770906448364258,,
503,50,1496,-0.4198653400000001,19.1,25504,0.05,0.0005,6250,1.5179370641708374,,
503,50,1500,-0.4294218899999997,18.97,25571,0.05,0.0005,6267,2.1940481662750244,,
503,50,1504,-0.9635764399999996,18.95,25649,0.05,0.0005,6287,2.111297369003296,,
503,51,1508,-0.42543893999999993,18.94,25723,0.05,0.0005,6305,2.423389434814453,,
503,51,1512,0.10763855999999987,19.0,25800,0.05,0.0005,6324,2.2719273567199707,,
503,51,1516,0.6130802699999999,19.0,25880,0.05,0.0005,6344,1.4571502208709717,,
503,51,1520,1.08572587,18.85,25945,0.05,0.0005,6361,1.608567476272583,,
503,51,1524,1.5567012299999998,18.46,25986,0.05,0.0005,6371,2.2570712566375732,,
503,51,1528,0.8550126599999999,18.46,26066,0.05,0.0005,6391,1.4021958112716675,,
503,51,1532,1.4893258299999999,18.32,26132,0.05,0.0005,6407,2.222141742706299,,
503,52,1536,1.9741548199999999,18.31,26211,0.05,0.0005,6427,3.0257136821746826,,
503,52,1540,2.4404129,18.22,26282,0.05,0.0005,6445,1.6784374713897705,,
503,52,1544,1.8679067300000005,18.22,26362,0.05,0.0005,6465,2.7944788932800293,,
503,52,1548,2.0198991900000007,18.22,26433,0.05,0.0005,6483,1.9037716388702393,,
502,52,1552,1.3271655700000002,18.14,26503,0.05,0.0005,6500,2.5636234283447266,,
502,52,1556,1.2015978900000004,18.19,26572,0.05,0.0005,6517,1.0110514163970947,,
502,52,1560,1.46059485,18.13,26637,0.05,0.0005,6534,1.8470432758331299,,
502,53,1564,1.0000675599999995,18.12,26702,0.05,0.0005,6550,2.2356386184692383,,
502,53,1568,0.6301826299999989,18.12,26782,0.05,0.0005,6570,2.2733139991760254,,
502,53,1572,1.3863054399999992,18.06,26856,0.05,0.0005,6588,2.0680699348449707,,
502,53,1576,0.9883672500000005,18.08,26929,0.05,0.0005,6607,1.9030389785766602,,
502,53,1580,1.62141326,17.89,26990,0.05,0.0005,6622,2.402719497680664,,
502,53,1584,1.85653916,17.89,27062,0.05,0.0005,6640,2.0820789337158203,,
502,54,1588,2.2635966,17.93,27137,0.05,0.0005,6659,1.9544670581817627,,
502,54,1592,1.80004963,17.84,27208,0.05,0.0005,6676,1.8422284126281738,,
502,54,1596,1.38694627,17.84,27288,0.05,0.0005,6696,2.8106589317321777,,
502,54,1600,1.0038094299999998,17.97,27368,0.05,0.0005,6716,2.3635449409484863,,
502,54,1604,1.0933136499999998,17.99,27448,0.05,0.0005,6736,1.067520022392273,,
502,54,1608,0.45218722000000006,18.05,27528,0.05,0.0005,6756,1.5531480312347412,,
502,54,1612,-0.9498728200000001,18.08,27608,0.05,0.0005,6776,1.6608954668045044,,
502,55,1616,-0.4735191900000003,17.8,27660,0.05,0.0005,6789,0.9314544200897217,,
501,55,1620,-0.6600557300000003,17.83,27728,0.05,0.0005,6806,2.731800079345703,,
501,55,1624,-0.6809616900000001,18.15,27801,0.05,0.0005,6825,0.9695667624473572,,
501,55,1628,0.93554246,18.11,27877,0.05,0.0005,6844,1.4210822582244873,,
501,55,1632,0.32195876999999967,18.25,27957,0.05,0.0005,6864,1.2167953252792358,,
501,55,1636,0.3910104999999998,17.97,28008,0.05,0.0005,6876,1.3088417053222656,,
501,55,1640,0.8365631299999998,17.61,28043,0.05,0.0005,6885,1.2862393856048584,,
501,56,1644,0.92411311,17.61,28123,0.05,0.0005,6905,1.471041202545166,,
501,56,1648,0.6848858899999999,17.7,28203,0.05,0.0005,6925,1.714441180229187,,
501,56,1652,0.9596742499999996,17.63,28266,0.05,0.0005,6941,2.318589687347412,,
501,56,1656,0.9439103799999995,17.59,28331,0.05,0.0005,6957,2.384821891784668,,
501,56,1660,0.5015337099999999,17.74,28411,0.05,0.0005,6977,2.0329835414886475,,
501,56,1664,0.9494134100000001,17.74,28476,0.05,0.0005,6993,2.8786468505859375,,
501,56,1668,1.37520506,17.66,28548,0.05,0.0005,7011,1.1712347269058228,,
501,57,1672,1.1522014399999998,17.58,28614,0.05,0.0005,7028,2.568588972091675,,
501,57,1676,1.52578448,17.43,28672,0.05,0.0005,7042,1.0550283193588257,,
501,57,1680,0.7908776099999997,17.62,28752,0.05,0.0005,7062,2.062098503112793,,
500,57,1684,0.5439299799999997,17.7,28832,0.05,0.0005,7082,2.094142198562622,,
500,57,1688,-0.12001584000000037,17.61,28898,0.05,0.0005,7099,1.7068020105361938,,
500,57,1692,0.8093246799999999,17.42,28950,0.05,0.0005,7112,2.5186009407043457,,
500,57,1696,1.9678031000000002,17.14,29002,0.05,0.0005,7125,2.6372811794281006,,
500,58,1700,2.1710149400000005,16.78,29046,0.05,0.0005,7136,1.3476060628890991,,
500,58,1704,2.4744263500000003,16.65,29113,0.05,0.0005,7153,2.2203307151794434,,
500,58,1708,2.5049311100000002,16.5,29178,0.05,0.0005,7169,1.0292494297027588,,
500,58,1712,2.81087199,16.35,29243,0.05,0.0005,7185,1.0687100887298584,,
500,58,1716,1.9450133100000002,16.63,29323,0.05,0.0005,7205,1.178417682647705,,
500,58,1720,1.54445092,16.75,29403,0.05,0.0005,7225,1.4926960468292236,,
500,58,1724,1.5208413299999994,16.82,29483,0.05,0.0005,7245,1.6857185363769531,,
499,59,1728,0.7329865599999998,16.86,29563,0.05,0.0005,7265,1.85164475440979,,
499,59,1732,0.8396840099999997,16.86,29643,0.05,0.0005,7285,1.6883472204208374,,
499,59,1736,0.18187150999999957,17.15,29723,0.05,0.0005,7305,2.043004274368286,,
499,59,1740,-0.8320451600000007,17.6,29803,0.05,0.0005,7325,3.552706718444824,,
499,59,1744,-0.1614206300000002,17.6,29883,0.05,0.0005,7345,2.866262912750244,,
499,59,1748,0.1838984899999998,17.6,29963,0.05,0.0005,7365,2.0461392402648926,,
,,,,,30000,0.05,0.0005,7374,1.988403081893921,-2.2662332000000007,20.0
497,60,1752,0.2521346499999996,17.77,30043,0.05,0.0005,7385,2.7861483097076416,,
497,60,1756,0.2538185699999999,17.92,30123,0.05,0.0005,7405,1.752825140953064,,
497,60,1760,0.5068983999999996,17.92,30203,0.05,0.0005,7425,2.0720291137695312,,
497,60,1764,0.5059992399999999,18.04,30280,0.05,0.0005,7444,1.9338680505752563,,
497,61,1768,0.05683340999999976,18.12,30360,0.05,0.0005,7464,2.45664381980896,,
497,61,1772,-0.47829266000000004,18.26,30440,0.05,0.0005,7484,1.0185496807098389,,
497,61,1776,-0.92026157,18.48,30520,0.05,0.0005,7504,1.7406388521194458,,
496,61,1780,-0.05588011999999981,18.48,30600,0.05,0.0005,7524,1.6021831035614014,,
496,61,1784,-0.3189453299999998,18.48,30680,0.05,0.0005,7544,1.7497942447662354,,
496,61,1788,-0.040520049999999905,18.62,30760,0.05,0.0005,7564,2.126486301422119,,
496,62,1792,-0.05840812999999991,18.84,30834,0.05,0.0005,7583,1.4688938856124878,,
496,62,1796,-0.25696847999999994,19.12,30914,0.05,0.0005,7603,1.8711023330688477,,
496,62,1800,-0.1958434800000001,19.48,30994,0.05,0.0005,7623,1.7147667407989502,,
496,62,1804,0.7148845599999999,19.39,31052,0.05,0.0005,7637,1.5788524150848389,,
496,62,1808,1.1131678999999997,19.39,31117,0.05,0.0005,7654,1.1100817918777466,,
496,62,1812,1.6365028999999993,19.35,31178,0.05,0.0005,7669,2.1492528915405273,,
496,62,1816,2.1089428999999997,19.35,31258,0.05,0.0005,7689,3.1253585815429688,,
496,63,1820,3.34708219,19.06,31309,0.05,0.0005,7702,2.6779656410217285,,
496,63,1824,3.64474005,18.91,31374,0.05,0.0005,7718,1.363616943359375,,
496,63,1828,3.7773370699999997,18.76,31439,0.05,0.0005,7734,1.0644075870513916,,
496,63,1832,4.12108194,18.62,31505,0.05,0.0005,7751,1.2216490507125854,,
496,63,1836,4.6480361,18.41,31564,0.05,0.0005,7765,1.64174222946167,,
496,63,1840,5.210370269999999,18.31,31634,0.05,0.0005,7783,1.6366316080093384,,
496,63,1844,5.59428527,18.01,31684,0.05,0.0005,7795,0.9592905044555664,,
496,63,1848,4.97315039,17.89,31752,0.05,0.0005,7812,2.3414855003356934,,
496,64,1852,5.04730164,17.84,31827,0.05,0.0005,7831,2.026862144470215,,
496,64,1856,6.05185546,17.58,31881,0.05,0.0005,7845,1.3402185440063477,,
496,64,1860,6.56173629,17.45,31948,0.05,0.0005,7861,1.565034031867981,,
496,64,1864,5.59783137,17.48,32028,0.05,0.0005,7881,1.6086903810501099,,
496,64,1868,5.600191899999999,17.48,32108,0.05,0.0005,7901,1.4254329204559326,,
496,64,1872,5.987192600000001,17.48,32188,0.05,0.0005,7921,1.922250509262085,,
496,65,1876,5.67914204,17.48,32268,0.05,0.0005,7941,1.569892406463623,,
496,65,1880,5.19856121,17.48,32348,0.05,0.0005,7961,1.9077529907226562,,
496,65,1884,4.988039270000001,17.48,32428,0.05,0.0005,7981,2.3219082355499268,,
495,65,1888,4.820869270000001,17.48,32508,0.05,0.0005,8001,2.1199727058410645,,
495,65,1892,4.813645279999999,17.54,32588,0.05,0.0005,8021,1.3713172674179077,,
495,65,1896,5.03079664,17.51,32665,0.05,0.0005,8041,1.8846237659454346,,
495,66,1900,5.68239818,17.43,32737,0.05,0.0005,8059,3.012603282928467,,
495,66,1904,4.72008317,17.65,32817,0.05,0.0005,8079,1.2118111848831177,,
495,66,1908,4.35701638,17.8,32897,0.05,0.0005,8099,1.5522105693817139,,
495,66,1912,4.56574388,17.99,32977,0.05,0.0005,8119,2.056518077850342,,
495,66,1916,3.7188764300000003,17.99,33057,0.05,0.0005,8139,2.062675952911377,,
495,66,1920,2.8335929200000005,18.28,33137,0.05,0.0005,8159,1.2352923154830933,,
495,67,1924,2.0811016900000006,18.43,33217,0.05,0.0005,8179,1.7437241077423096,,
495,67,1928,2.75920092,18.58,33297,0.05,0.0005,8199,1.4290627241134644,,
495,67,1932,3.244259700000001,18.72,33377,0.05,0.0005,8219,1.473207712173462,,
494,67,1936,2.8935272000000003,18.93,33457,0.05,0.0005,8239,1.9061517715454102,,
494,67,1940,2.4377487300000005,19.03,33537,0.05,0.0005,8259,2.298588275909424,,
494,67,1944,1.5432023600000002,19.18,33602,0.05,0.0005,8275,2.2162976264953613,,
494,68,1948,1.8527703800000006,19.3,33682,0.05,0.0005,8295,1.1529417037963867,,
494,68,1952,1.8789081,19.35,33762,0.05,0.0005,8315,1.0629874467849731,,
494,68,1956,1.2332056,19.61,33842,0.05,0.0005,8335,0.9618990421295166,,
494,68,1960,1.5956573900000002,19.53,33901,0.05,0.0005,8350,2.447929859161377,,
494,68,1964,2.12017346,19.53,33981,0.05,0.0005,8370,2.05755615234375,,
494,68,1968,2.77177145,19.47,34055,0.05,0.0005,8388,1.9937186241149902,,
494,68,1972,3.5973581100000005,19.18,34106,0.05,0.0005,8401,0.7520605325698853,,
494,69,1976,3.76090104,19.03,34171,0.05,0.0005,8417,1.425826907157898,,
494,69,1980,3.1001793700000007,19.03,34251,0.05,0.0005,8437,1.8059288263320923,,
494,69,1984,2.7255146400000005,19.03,34331,0.05,0.0005,8457,1.8184921741485596,,
494,69,1988,4.01691047,18.88,34396,0.05,0.0005,8473,2.595552444458008,,
494,69,1992,4.46405745,18.59,34447,0.05,0.0005,8486,0.8956831693649292,,
494,69,1996,4.256105670000001,18.51,34516,0.05,0.0005,8503,1.5215965509414673,,
493,69,2000,4.639172470000001,18.36,34573,0.05,0.0005,8518,1.551819086074829,,
493,70,2004,4.735477749999999,18.36,34653,0.05,0.0005,8538,1.0870959758758545,,
493,70,2008,5.33438721,18.08,34705,0.05,0.0005,8551,1.2649242877960205,,
493,70,2012,5.43988304,17.99,34776,0.05,0.0005,8568,2.245439291000366,,
493,70,2016,6.196430989999999,17.98,34855,0.05,0.0005,8588,1.9385826587677002,,
493,70,2020,6.095419329999999,17.83,34920,0.05,0.0005,8604,1.10830819606781,,
,,,,,35000,0.05,0.0005,8624,2.043914794921875,6.964133500000001,16.7
491,71,2024,6.236650229999999,17.83,35000,0.05,,,,,
491,71,2028,5.982897309999999,17.83,35080,0.05,0.0005,8644,1.3274682760238647,,
491,71,2032,5.348896850000001,17.83,35160,0.05,0.0005,8664,1.7907434701919556,,
491,71,2036,5.259680389999999,17.83,35240,0.05,0.0005,8684,1.7574522495269775,,
491,71,2040,6.595999689999998,17.54,35291,0.05,0.0005,8697,1.9448270797729492,,
491,71,2044,7.54030031,17.58,35360,0.05,0.0005,8714,1.3162446022033691,,
491,72,2048,8.360272179999999,17.39,35421,0.05,0.0005,8730,0.9611419439315796,,
491,72,2052,9.01200065,17.17,35479,0.05,0.0005,8744,1.4293107986450195,,
491,72,2056,9.33749507,17.06,35548,0.05,0.0005,8761,1.2108367681503296,,
491,72,2060,8.85852096,17.04,35605,0.05,0.0005,8776,1.48732328414917,,
491,72,2064,9.55608906,16.95,35676,0.05,0.0005,8793,1.5258920192718506,,
491,72,2068,9.732863710000002,17.01,35756,0.05,0.0005,8813,1.3812063932418823,,
491,72,2072,9.33848741,17.3,35836,0.05,0.0005,8833,1.607470989227295,,
491,73,2076,9.35191472,17.45,35916,0.05,0.0005,8853,2.1050076484680176,,
491,73,2080,10.37592473,17.43,35994,0.05,0.0005,8873,0.8379148840904236,,
491,73,2084,12.354477939999999,17.28,36059,0.05,0.0005,8889,0.8672540187835693,,
491,73,2088,11.312624370000002,17.43,36139,0.05,0.0005,8909,1.418593406677246,,
491,73,2092,10.997763490000002,17.72,36219,0.05,0.0005,8929,0.9370481371879578,,
490,73,2096,10.787325990000001,17.83,36299,0.05,0.0005,8949,1.8705796003341675,,
490,74,2100,10.20846648,17.85,36358,0.05,0.0005,8964,1.64675772190094,,
490,74,2104,9.63475132,17.85,36438,0.05,0.0005,8984,1.0480690002441406,,
490,74,2108,9.15720611,18.13,36518,0.05,0.0005,9004,1.780877947807312,,
490,74,2112,9.22118704,18.08,36584,0.05,0.0005,9020,1.6671388149261475,,
490,74,2116,10.019552249999998,18.07,36662,0.05,0.0005,9040,0.8979107141494751,,
490,74,2120,10.910519319999999,17.85,36705,0.05,0.0005,9051,1.916914939880371,,
490,74,2124,11.916739600000001,17.67,36767,0.05,0.0005,9066,2.136139392852783,,
490,75,2128,11.905216399999999,17.57,36837,0.05,0.0005,9084,1.80377995967865,,
490,75,2132,12.628995680000003,17.46,36906,0.05,0.0005,9101,2.13278865814209,,
490,75,2136,13.65208548,17.38,36978,0.05,0.0005,9119,1.5943474769592285,,
490,75,2140,12.958478340000001,17.54,37045,0.05,0.0005,9136,1.7533020973205566,,
490,75,2144,13.481428910000002,17.49,37109,0.05,0.0005,9152,1.1010831594467163,,
490,75,2148,13.527824310000002,17.58,37179,0.05,0.0005,9169,0.9937105178833008,,
490,75,2152,13.23571261,17.64,37243,0.05,0.0005,9185,0.775123655796051,,
490,76,2156,13.918832950000002,17.6,37308,0.05,0.0005,9201,1.2917943000793457,,
490,76,2160,13.90608652,17.74,37379,0.05,0.0005,9219,1.7985271215438843,,
490,76,2164,13.483161460000002,17.64,37440,0.05,0.0005,9234,2.004274368286133,,
490,76,2168,12.940627240000001,17.64,37520,0.05,0.0005,9254,1.3895323276519775,,
490,76,2172,13.296298690000004,17.49,37585,0.05,0.0005,9271,2.431900978088379,,
490,76,2176,13.272217020000001,17.49,37665,0.05,0.0005,9291,0.8275142908096313,,
490,76,2180,13.460195109999999,17.47,37741,0.05,0.0005,9310,1.1692084074020386,,
490,77,2184,13.525386410000001,17.18,37777,0.05,0.0005,9319,1.2862215042114258,,
490,77,2188,13.427022120000002,17.18,37857,0.05,0.0005,9339,1.4573442935943604,,
490,77,2192,14.639949540000002,16.63,37882,0.05,0.0005,9345,1.6055848598480225,,
490,77,2196,15.398161220000002,16.28,37927,0.05,0.0005,9356,1.4356615543365479,,
490,77,2200,15.123977539999998,16.32,37990,0.05,0.0005,9372,1.2889701128005981,,
490,77,2204,16.30622712,16.08,38046,0.05,0.0005,9386,2.046035051345825,,
490,77,2208,15.933846499999998,16.0,38118,0.05,0.0005,9404,1.7452460527420044,,
490,77,2212,16.204624399999997,15.87,38171,0.05,0.0005,9417,1.4266794919967651,,
490,78,2216,15.808421020000003,15.74,38236,0.05,0.0005,9433,1.4288408756256104,,
490,78,2220,14.884415489999997,16.11,38316,0.05,0.0005,9453,2.436337947845459,,
490,78,2224,14.266890899999998,16.27,38394,0.05,0.0005,9473,1.3372074365615845,,
490,78,2228,14.537165899999998,16.23,38460,0.05,0.0005,9489,1.4437559843063354,,
490,78,2232,14.41288098,16.23,38529,0.05,0.0005,9507,1.236107349395752,,
490,78,2236,14.40232771,16.18,38596,0.05,0.0005,9523,1.5573058128356934,,
489,78,2240,14.08418289,16.23,38668,0.05,0.0005,9541,1.279930830001831,,
489,79,2244,13.685254020000002,16.34,38743,0.05,0.0005,9560,0.7729641199111938,,
489,79,2248,12.84849409,16.31,38810,0.05,0.0005,9577,1.8097765445709229,,
489,79,2252,12.797092399999999,16.45,38888,0.05,0.0005,9596,1.3004860877990723,,
489,79,2256,12.04243554,16.56,38964,0.05,0.0005,9615,1.1105420589447021,,
489,79,2260,11.51469287,16.63,39042,0.05,0.0005,9635,2.1801116466522217,,
489,79,2264,11.97023424,16.62,39102,0.05,0.0005,9650,1.1804676055908203,,
489,79,2268,12.37904029,16.57,39177,0.05,0.0005,9669,1.6784038543701172,,
489,80,2272,11.69633681,16.72,39257,0.05,0.0005,9689,1.7139030694961548,,
489,80,2276,12.455653479999999,16.62,39327,0.05,0.0005,9706,1.9142048358917236,,
489,80,2280,12.184152880000001,16.66,39407,0.05,0.0005,9726,1.3810787200927734,,
489,80,2284,11.552370439999999,17.1,39487,0.05,0.0005,9746,0.9748713374137878,,
489,80,2288,11.57051747,16.86,39543,0.05,0.0005,9760,1.6999009847640991,,
489,80,2292,10.57356152,17.39,39621,0.05,0.0005,9780,1.9748069047927856,,
489,81,2296,9.407727560000001,17.6,39687,0.05,0.0005,9796,2.371776819229126,,
489,81,2300,9.39052575,17.69,39759,0.05,0.0005,9814,0.9079074859619141,,
489,81,2304,9.087252839999998,17.91,39837,0.05,0.0005,9834,3.2841362953186035,,
489,81,2308,9.66349933,17.88,39906,0.05,0.0005,9851,1.5481171607971191,,
489,81,2312,9.308970500000001,18.15,39986,0.05,0.0005,9871,1.12537682056427,,
,,,,,40000,0.05,0.0005,9874,2.1883673667907715,-1.1046858000000004,20.0
487,82,2316,9.239206260000001,18.15,40051,0.05,0.0005,9887,2.033193588256836,,
487,82,2320,9.31908323,18.0,40116,0.05,0.0005,9903,2.274205207824707,,
487,82,2324,9.649464180000003,17.95,40189,0.05,0.0005,9922,1.8215014934539795,,
487,82,2328,9.51775446,17.83,40243,0.05,0.0005,9935,1.648883581161499,,
487,82,2332,9.92075803,17.72,40301,0.05,0.0005,9950,1.1569912433624268,,
487,82,2336,9.5502988,17.56,40352,0.05,0.0005,9962,1.91897714138031,,
487,82,2340,9.740026810000002,17.18,40386,0.05,0.0005,9971,2.552483081817627,,
487,82,2344,10.10731011,16.86,40429,0.05,0.0005,9982,1.1584527492523193,,
487,82,2348,10.512082719999999,16.85,40495,0.05,0.0005,9998,1.5527756214141846,,
487,83,2352,10.194880719999997,16.68,40556,0.05,0.0005,10013,2.593208074569702,,
487,83,2356,10.015600079999999,16.67,40631,0.05,0.0005,10032,1.333309531211853,,
487,83,2360,10.262576979999999,16.69,40711,0.05,0.0005,10052,1.7021733522415161,,
487,83,2364,9.9947279,16.89,40791,0.05,0.0005,10072,1.2628564834594727,,
487,83,2368,10.32086938,16.9,40867,0.05,0.0005,10091,1.4832711219787598,,
487,83,2372,11.32394748,16.69,40926,0.05,0.0005,10106,1.2803668975830078,,
487,84,2376,10.500983799999998,16.73,41000,0.05,0.0005,10124,2.170710802078247,,
487,84,2380,11.076934270000002,16.71,41078,0.05,0.0005,10144,1.6354384422302246,,
487,84,2384,11.02238302,16.68,41155,0.05,0.0005,10163,1.650470495223999,,
487,84,2388,11.073538790000002,16.79,41222,0.05,0.0005,10180,1.5777795314788818,,
487,84,2392,10.468440270000004,16.81,41302,0.05,0.0005,10200,1.4276213645935059,,
487,84,2396,11.034220710000001,16.95,41382,0.05,0.0005,10220,1.024890661239624,,
487,84,2400,11.464844040000001,16.86,41445,0.05,0.0005,10236,2.230051040649414,,
487,85,2404,11.27217263,16.88,41525,0.05,0.0005,10256,1.2385962009429932,,
487,85,2408,11.321564299999999,16.9,41596,0.05,0.0005,10273,1.5337785482406616,,
487,85,2412,11.094234299999998,16.76,41662,0.05,0.0005,10290,2.0446200370788574,,
487,85,2416,10.775765310000002,16.74,41725,0.05,0.0005,10306,2.1820785999298096,,
487,85,2420,11.049878769999996,16.81,41797,0.05,0.0005,10324,1.9736220836639404,,
487,85,2424,10.214976759999999,16.88,41877,0.05,0.0005,10344,1.3611109256744385,,
487,86,2428,10.216591880000001,17.14,41957,0.05,0.0005,10364,0.933523416519165,,
487,86,2432,10.22029367,17.29,42030,0.05,0.0005,10382,1.0930345058441162,,
487,86,2436,10.548061369999997,17.47,42099,0.05,0.0005,10399,1.413872480392456,,
487,86,2440,9.85810111,17.93,42179,0.05,0.0005,10419,1.5759881734848022,,
487,86,2444,9.56032019,18.23,42252,0.05,0.0005,10437,1.51750648021698,,
487,86,2448,9.05938398,18.37,42332,0.05,0.0005,10457,2.2685112953186035,,
487,86,2452,9.457867319999998,18.56,42412,0.05,0.0005,10477,1.5831115245819092,,
487,87,2456,9.703953989999997,18.61,42492,0.05,0.0005,10497,1.415799617767334,,
487,87,2460,10.062110269999998,18.56,42567,0.05,0.0005,10516,1.3729013204574585,,
487,87,2464,10.36590693,18.56,42647,0.05,0.0005,10536,1.7877167463302612,,
487,87,2468,10.147715279999998,18.6,42727,0.05,0.0005,10556,1.7370259761810303,,
487,87,2472,9.602768849999997,18.77,42803,0.05,0.0005,10575,1.4765279293060303,,
487,87,2476,10.128649199999998,18.74,42874,0.05,0.0005,10593,1.220361590385437,,
487,88,2480,9.551717159999999,18.67,42945,0.05,0.0005,10611,1.340808629989624,,
487,88,2484,9.55029906,18.7,43025,0.05,0.0005,10631,1.522895336151123,,
487,88,2488,10.21637425,18.83,43105,0.05,0.0005,10651,1.7279245853424072,,
486,88,2492,11.088738720000002,18.79,43181,0.05,0.0005,10670,1.5968881845474243,,
486,88,2496,10.621198899999998,18.79,43261,0.05,0.0005,10690,1.9499478340148926,,
486,88,2500,10.524008899999998,18.82,43327,0.05,0.0005,10706,0.9790851473808289,,
486,89,2504,10.833571979999999,18.67,43392,0.05,0.0005,10722,1.4495054483413696,,
486,89,2508,10.644389310000001,18.59,43455,0.05,0.0005,10738,2.770134925842285,,
486,89,2512,11.027640150000002,18.56,43518,0.05,0.0005,10754,1.6555612087249756,,
486,89,2516,11.639455930000002,18.42,43567,0.05,0.0005,10766,1.6742135286331177,,
486,89,2520,12.033508419999999,18.33,43630,0.05,0.0005,10782,2.1954076290130615,,
486,89,2524,13.27790598,18.24,43701,0.05,0.0005,10800,1.781480073928833,,
486,89,2528,13.37342577,18.24,43781,0.05,0.0005,10820,1.588477611541748,,
486,90,2532,12.8762166,18.27,43857,0.05,0.0005,10839,1.4759902954101562,,
486,90,2536,11.907357820000001,18.38,43937,0.05,0.0005,10859,2.098522663116455,,
486,90,2540,12.070824170000002,18.33,44012,0.05,0.0005,10877,0.7784496545791626,,
486,90,2544,11.94905691,18.24,44076,0.05,0.0005,10893,3.028214931488037,,
486,90,2548,12.96451396,18.04,44136,0.05,0.0005,10908,1.6086604595184326,,
486,90,2552,13.01449639,17.98,44210,0.05,0.0005,10927,1.5723457336425781,,
486,91,2556,13.303162350000003,17.85,44277,0.05,0.0005,10944,2.098423957824707,,
486,91,2560,13.179206149999997,17.75,44342,0.05,0.0005,10960,1.9844383001327515,,
486,91,2564,13.479130589999997,17.51,44398,0.05,0.0005,10974,1.5946412086486816,,
486,91,2568,12.46841781,17.51,44478,0.05,0.0005,10994,0.7314517498016357,,
486,91,2572,12.337634479999997,17.55,44558,0.05,0.0005,11014,1.281499981880188,,
486,91,2576,12.824503519999999,17.41,44615,0.05,0.0005,11028,1.8093130588531494,,
486,91,2580,13.412758009999997,17.09,44654,0.05,0.0005,11038,1.7797393798828125,,
486,91,2584,13.69736195,17.01,44726,0.05,0.0005,11056,1.01979398727417,,
486,92,2588,13.433410989999997,17.0,44805,0.05,0.0005,11076,2.1608994007110596,,
486,92,2592,12.662373860000002,17.04,44885,0.05,0.0005,11096,1.5701191425323486,,
486,92,2596,14.017712530000004,16.57,44918,0.05,0.0005,11104,1.9317080974578857,,
486,92,2600,13.637643360000002,16.71,44998,0.05,0.0005,11124,1.3001517057418823,,
,,,,,45000,0.05,,,,3.6484666000000003,19.0
484,92,2604,13.80484849,16.69,45061,0.05,0.0005,11140,1.710953712463379,,
484,93,2608,13.989553659999999,16.78,45133,0.05,0.0005,11158,1.7754709720611572,,
484,93,2612,13.942367359999999,16.79,45197,0.05,0.0005,11174,1.5661627054214478,,
484,93,2616,13.20852321,16.94,45261,0.05,0.0005,11190,1.3219236135482788,,
484,93,2620,12.796488919999996,17.11,45341,0.05,0.0005,11210,0.7394968271255493,,
484,93,2624,12.199510519999999,17.2,45421,0.05,0.0005,11230,1.8209424018859863,,
484,93,2628,12.61237354,17.04,45485,0.05,0.0005,11246,1.274665117263794,,
484,93,2632,12.62117389,17.08,45565,0.05,0.0005,11266,1.1953859329223633,,
484,94,2636,13.323929369999998,16.83,45620,0.05,0.0005,11279,1.850267767906189,,
484,94,2640,13.080425340000001,16.88,45700,0.05,0.0005,11299,1.301571011543274,,
484,94,2644,12.889347240000001,16.93,45769,0.05,0.0005,11317,2.157238483428955,,
484,94,2648,12.709155269999998,16.98,45834,0.05,0.0005,11333,1.398918867111206,,
484,94,2652,12.790469589999997,16.89,45899,0.05,0.0005,11349,1.6872328519821167,,
484,94,2656,11.872502990000003,17.02,45979,0.05,0.0005,11369,1.5239107608795166,,
484,95,2660,11.42577118,17.17,46059,0.05,0.0005,11389,2.0907058715820312,,
484,95,2664,10.86158079,17.29,46127,0.05,0.0005,11406,1.5398228168487549,,
484,95,2668,12.583992069999997,16.87,46165,0.05,0.0005,11416,1.5359565019607544,,
484,95,2672,13.50090151,16.55,46213,0.05,0.0005,11428,2.230435371398926,,
484,95,2676,13.345889630000002,16.5,46265,0.05,0.0005,11441,1.2925441265106201,,
484,95,2680,12.872070879999999,16.83,46337,0.05,0.0005,11459,2.6631174087524414,,
484,95,2684,13.449645519999999,16.5,46376,0.05,0.0005,11468,1.6581974029541016,,
484,95,2688,14.259325339999997,16.1,46415,0.05,0.0005,11478,1.8776021003723145,,
484,95,2692,14.413413659999998,16.1,46495,0.05,0.0005,11498,1.1720845699310303,,
484,96,2696,13.809213159999997,16.41,46559,0.05,0.0005,11514,1.0657740831375122,,
484,96,2700,13.70690413,16.21,46619,0.05,0.0005,11529,2.2185428142547607,,
484,96,2704,13.940642340000002,15.98,46659,0.05,0.0005,11539,1.7248725891113281,,
484,96,2708,13.58550352,15.9,46723,0.05,0.0005,11555,1.2920161485671997,,
484,96,2712,13.320796499999998,16.06,46803,0.05,0.0005,11575,0.995912492275238,,
484,96,2716,13.437851479999999,16.22,46883,0.05,0.0005,11595,1.495326280593872,,
484,96,2720,13.104376709999999,16.19,46960,0.05,0.0005,11614,0.9398301243782043,,
484,97,2724,12.972475619999997,16.19,47040,0.05,0.0005,11634,2.3378214836120605,,
484,97,2728,12.449641089999995,16.35,47120,0.05,0.0005,11654,2.789140224456787,,
484,97,2732,12.521359669999999,16.35,47200,0.05,0.0005,11674,2.4295992851257324,,
484,97,2736,11.653411789999998,16.6,47280,0.05,0.0005,11694,1.5046589374542236,,
483,97,2740,12.54869416,16.53,47353,0.05,0.0005,11713,1.3463122844696045,,
483,98,2744,12.28118715,16.64,47433,0.05,0.0005,11733,1.4756014347076416,,
483,98,2748,11.958473759999999,16.37,47471,0.05,0.0005,11742,1.692002296447754,,
483,98,2752,11.269196559999997,16.52,47551,0.05,0.0005,11762,0.9491385221481323,,
483,98,2756,11.621170349999998,16.52,47631,0.05,0.0005,11782,1.398101806640625,,
483,98,2760,12.51473214,16.35,47694,0.05,0.0005,11798,1.2448455095291138,,
483,98,2764,12.816877940000005,16.46,47773,0.05,0.0005,11818,2.1164982318878174,,
483,98,2768,11.459201749999998,16.88,47853,0.05,0.0005,11838,1.652524709701538,,
483,99,2772,10.78200385,17.07,47920,0.05,0.0005,11854,1.2041840553283691,,
483,99,2776,10.438138350000001,16.92,47957,0.05,0.0005,11864,0.9102033972740173,,
483,99,2780,10.82846871,16.82,48019,0.05,0.0005,11879,2.0080788135528564,,
483,99,2784,10.621574419999996,16.75,48051,0.05,0.0005,11887,1.9621469974517822,,
483,99,2788,10.405587930000001,16.7,48085,0.05,0.0005,11896,1.4875468015670776,,
483,99,2792,11.71865322,16.43,48138,0.05,0.0005,11909,2.379483461380005,,
483,99,2796,12.235471500000001,16.29,48188,0.05,0.0005,11921,1.8384110927581787,,
483,99,2800,13.05023285,16.29,48248,0.05,0.0005,11936,1.3349425792694092,,
483,99,2804,12.063316739999998,16.48,48307,0.05,0.0005,11951,2.789139747619629,,
483,99,2808,13.03886603,16.28,48351,0.05,0.0005,11962,1.8315727710723877,,
483,100,2812,13.34425094,16.06,48409,0.05,0.0005,11977,1.7675398588180542,,
483,100,2816,13.52740944,16.01,48484,0.05,0.0005,11995,1.7938220500946045,,
483,100,2820,14.583282859999999,15.99,48559,0.05,0.0005,12014,2.1762726306915283,,
483,100,2824,15.822220590000002,15.9,48630,0.05,0.0005,12032,1.394598126411438,,
483,100,2828,15.6617248,15.74,48694,0.05,0.0005,12048,1.6046030521392822,,
483,100,2832,15.62713971,15.52,48752,0.05,0.0005,12062,1.8195157051086426,,
483,100,2836,16.41848985,15.11,48791,0.05,0.0005,12072,2.953979253768921,,
483,100,2840,17.25259365,14.6,48813,0.05,0.0005,12078,1.2381138801574707,,
483,101,2844,17.91576239,14.56,48889,0.05,0.0005,12097,1.4094579219818115,,
483,101,2848,18.39597578,14.82,48953,0.05,0.0005,12113,1.6094837188720703,,
483,101,2852,18.716467450000003,14.59,49010,0.05,0.0005,12127,1.4024357795715332,,
483,101,2856,19.891810650000004,14.32,49063,0.05,0.0005,12140,0.8014329671859741,,
483,101,2860,20.205938619999998,14.08,49102,0.05,0.0005,12150,1.7960965633392334,,
483,101,2864,20.49329282,13.76,49149,0.05,0.0005,12162,2.0553550720214844,,
483,101,2868,20.990875679999995,13.63,49216,0.05,0.0005,12178,2.0424492359161377,,
483,101,2872,21.33297349,13.62,49282,0.05,0.0005,12195,1.649161696434021,,
483,102,2876,21.01764489,13.97,49354,0.05,0.0005,12213,1.4960483312606812,,
483,102,2880,19.893914530000004,14.14,49433,0.05,0.0005,12233,1.144658088684082,,
483,102,2884,18.89326536,14.62,49513,0.05,0.0005,12253,1.4647088050842285,,
483,102,2888,18.44890132,14.93,49578,0.05,0.0005,12269,1.7461228370666504,,
483,102,2892,17.635547120000002,15.11,49649,0.05,0.0005,12287,1.5245788097381592,,
483,102,2896,17.04365346,15.36,49724,0.05,0.0005,12305,1.0475854873657227,,
483,102,2900,16.9069777,15.4,49788,0.05,0.0005,12321,0.7774203419685364,,
483,103,2904,17.89933047,15.12,49819,0.05,0.0005,12329,2.330963611602783,,
483,103,2908,17.569267160000003,15.32,49883,0.05,0.0005,12345,1.6597023010253906,,
483,103,2912,18.27362954,15.35,49944,0.05,0.0005,12360,1.1866720914840698,,
483,103,2916,18.62881283,14.98,49982,0.05,0.0005,12370,1.9850398302078247,,
,,,,,50000,0.05,0.0005,12374,1.7835955619812012,26.902104,16.8
